No,기능유형,난이도,수정내용,수정여부,업무 구분 (대분류),업무 구분 (소분류),업무 구분 (중분류),요구사항 내용,요구사항명,중요도
1,기능,중,,No,사용자 관리,로그인,인증,아이디/비밀번호로 로그인 가능,일반 로그인,필수
2,기능,중,,No,사용자 관리,로그인,인증,카카오/ 구글/ 네이버로 로그인 가능,소셜 로그인,필수
3,기능,낮음,,No,사용자 관리,로그인,인증,체크 시 자동으로 로그인 유지,자동로그인,높음
4,UI / UX,낮음,,No,사용자 관리,로그인,인증,잘못된 정보 입력 시 404 페이지,로그인 실패 처리,필수
5,기능,중,,No,사용자 관리,로그인,인증,이메일 인증으로 비밀번호 재설정,비밀번호 찾기,높음
6,기능,중,,No,사용자 관리,로그인,인증,같은 계정으로 다중 로그인 불가,중복 로그인 방지,높음
7,기능,낮음,,No,사용자 관리,로그인,인증,로그아웃 버튼으로 세션 종료,로그아웃 기능,필수
8,기능,중,,No,사용자 관리,로그인,인증,신규 계정 생성 기능,회원가입,필수
9,기능,낮음,,No,사용자 관리,로그인,인증,로그인 후 비밀번호 변경 가능,비밀번호 변경,높음
10,UI / UX,낮음,,No,사용자 관리,기본정보 입력,회원가입,아이디/ 비밀번호/ 이메일/ 이름/ 전화번호 입력 화면,회원가입 폼,필수
11,기능,낮음,,No,사용자 관리,기본정보 입력,회원가입,입력한 아이디 중복 여부 실시간 확인,아이디 중복 확인,필수
12,기능,낮음,,No,사용자 관리,기본정보 입력,회원가입,아이디 형식 검증 (길이/ 특수문자 등),아이디 유효성 검사,필수
13,기능,낮음,,No,사용자 관리,기본정보 입력,회원가입,비밀번호 강도 검증 (대소문자/ 숫자/ 특수문자 포함),비밀번호 유효성 검사,필수
14,기능,낮음,,No,사용자 관리,기본정보 입력,회원가입,입력한 비밀번호와 재확인 일치 여부 확인,비밀번호 재확인,필수
15,기능,낮음,,No,사용자 관리,기본정보 입력,회원가입,이메일 형식 검증,이메일 유효성 검사,필수
16,기능,낮음,,No,사용자 관리,기본정보 입력,회원가입,전화번호 형식 검증,전화번호 유효성 검사,높음
17,데이터,중,,No,사용자 관리,이메일 인증,회원가입,입력 이메일로 인증 메일 발송,인증 이메일 발송,필수
18,기능,중,,No,사용자 관리,이메일 인증,회원가입,이메일의 인증 링크 클릭으로 이메일 인증 완료,인증 링크 클릭,필수
19,기능,중,,No,사용자 관리,이메일 인증,회원가입,이메일로 받은 인증 코드 입력 방식,인증 코드 입력,높음
20,데이터,중,,No,사용자 관리,이메일 인증,회원가입,인증 코드 유효 시간 설정 (예: 10분),인증 시간 제한,중간
21,기능,낮음,,No,사용자 관리,약관동의,회원가입,이용약관 동의 필수,이용약관 동의,필수
22,기능,낮음,,No,사용자 관리,약관동의,회원가입,개인정보처리방침 동의 필수,개인정보처리방침 동의,필수
23,기능,낮음,,No,사용자 관리,약관동의,회원가입,마케팅 이메일/SMS 수신 동의 선택,마케팅 수신 동의,높음
24,UI / UX,낮음,,No,사용자 관리,가입 완료,회원가입,모든 정보 입력 후 가입 완료 메시지 표시,회원가입 완료,필수
25,기능,낮음,,No,사용자 관리,가입 완료,회원가입,회원가입 완료 후 자동으로 로그인 진행,자동 로그인,중간
26,UI / UX,낮음,,No,사용자 관리,오류 처리,회원가입,중복 아이디 입력 시 오류 메시지 표시,중복 아이디 오류,필수
27,UI / UX,낮음,,No,사용자 관리,오류 처리,회원가입,유효하지 않은 입력값에 대한 오류 메시지 표시,입력값 오류 처리,필수
28,UI / UX,중,,No,사용자 관리,오류 처리,회원가입,이메일 인증 실패 시 재전송 옵션 제공,인증 실패 처리,필수
29,UI / UX,중,,No,사용자 관리,오류 처리,회원가입,가입 중 서버 오류 발생 시 처리 방안,서버 오류 처리,높음
30,UI / UX,낮음,,No,사용자 관리,아이디 찾기,계정찾기,아이디 찾기 폼 (이메일 또는 전화번호 입력),아이디 찾기 페이지,필수
31,데이터,중,,No,사용자 관리,아이디 찾기,계정찾기,가입한 이메일 입력으로 아이디 조회,이메일로 아이디 찾기,필수
32,데이터,중,,No,사용자 관리,아이디 찾기,계정찾기,가입한 전화번호 입력으로 아이디 조회,전화번호로 아이디 찾기,높음
33,데이터,중,,No,사용자 관리,아이디 찾기,계정찾기,조회된 아이디를 이메일로 발송,아이디 확인 메일 발송,필수
34,UI / UX,낮음,,No,사용자 관리,아이디 찾기,계정찾기,가입되지 않은 이메일/전화번호 시 안내 메시지,존재하지 않는 계정,필수
35,기능,중,,No,사용자 관리,아이디 찾기,계정찾기,일정 시간 내 반복 요청 제한,중복 요청 방지,중간
36,UI / UX,낮음,,No,사용자 관리,비밀번호 찾기,계정찾기,비밀번호 찾기 폼 (아이디 또는 이메일 입력),비밀번호 찾기 페이지,필수
37,기능,중,,No,사용자 관리,비밀번호 찾기,계정찾기,아이디와 이메일 입력으로 본인 확인,아이디로 비밀번호 찾기,필수
38,기능,중,,No,사용자 관리,비밀번호 찾기,계정찾기,이메일 입력으로 본인 확인,이메일로 비밀번호 찾기,필수
39,데이터,중,,No,사용자 관리,비밀번호 찾기,계정찾기,본인 확인 후 비밀번호 재설정 링크 발송,인증 이메일 발송,필수
40,기능,중,,No,사용자 관리,비밀번호 찾기,계정찾기,이메일의 인증 링크 클릭으로 재설정 페이지 이동,인증 링크 클릭,필수
41,기능,중,,No,사용자 관리,비밀번호 찾기,계정찾기,이메일로 받은 인증 코드 입력 방식,인증 코드 입력,높음
42,데이터,중,,No,사용자 관리,비밀번호 찾기,계정찾기,인증 링크/코드 유효 시간 설정 (예: 30분),인증 시간 제한,필수
43,UI / UX,낮음,,No,사용자 관리,비밀번호 찾기,계정찾기,새로운 비밀번호 입력 화면,새 비밀번호 입력,필수
44,기능,낮음,,No,사용자 관리,비밀번호 찾기,계정찾기,새 비밀번호 강도 검증 (대소문자/ 숫자/ 특수문자),새 비밀번호 유효성 검사,필수
45,기능,낮음,,No,사용자 관리,비밀번호 찾기,계정찾기,새 비밀번호와 재확인 일치 여부 확인,새 비밀번호 재확인,필수
46,기능,낮음,,No,사용자 관리,비밀번호 찾기,계정찾기,이전 비밀번호와 동일한 비밀번호 설정 불가,기존 비밀번호와 중복 방지,중간
47,UI / UX,낮음,,No,사용자 관리,비밀번호 찾기,계정찾기,비밀번호 변경 완료 메시지 표시,비밀번호 변경 완료,필수
48,기능,낮음,,No,사용자 관리,비밀번호 찾기,계정찾기,비밀번호 변경 후 로그인 페이지로 이동,자동 로그인 페이지 이동,중간
49,UI / UX,낮음,,No,사용자 관리,오류 처리,계정찾기,가입되지 않은 아이디/이메일 시 안내 메시지,존재하지 않는 계정,필수
50,UI / UX,중,,No,사용자 관리,오류 처리,계정찾기,인증 실패 시 재시도 옵션 제공,인증 실패 처리,필수
51,UI / UX,중,,No,사용자 관리,오류 처리,계정찾기,인증 코드 만료 시 재발송 옵션 제공,인증 코드 만료,필수
52,UI / UX,중,,No,사용자 관리,오류 처리,계정찾기,일정 시간 내 반복 요청 시 차단 메시지,중복 요청 제한,높음
53,UI / UX,중,,No,사용자 관리,오류 처리,계정찾기,프로세스 중 서버 오류 발생 시 처리 방안,서버 오류 처리,높음
54,UI / UX,낮음,,No,사용자 관리,약관 조회,약관관리,로그인 화면에서 이용약관 버튼 클릭 시 약관 내용 팝업/페이지 표시,이용약관 조회,필수
55,UI / UX,낮음,,No,사용자 관리,약관 조회,약관관리,로그인 화면에서 개인정보처리방침 버튼 클릭 시 내용 팝업/페이지 표시,개인정보처리방침 조회,필수
56,기능,낮음,,No,사용자 관리,약관 조회,약관관리,약관 전문 스크롤 가능,약관 스크롤,중간
57,기능,낮음,,No,사용자 관리,약관 조회,약관관리,약관 팝업 닫기 버튼,약관 닫기,필수
58,UI / UX,낮음,,No,UI / UX/UX,로고,헤더,헤더 중앙에 로고 표시,로고 표시,필수
59,기능,낮음,,No,UI / UX/UX,로고,헤더,로고 클릭 시 메인페이지로 이동,로고 클릭,필수
60,UI / UX,낮음,,No,계탐색,검색창,검색영역,계 탐색 페이지에 플레이스홀더 형식의 검색 입력 필드 표시,검색 입력 필드 표시,필수
61,UI / UX,낮음,,No,계탐색,검색창,검색영역,"검색 입력 필드에 ""계를 검색해주세요"" 등의 플레이스홀더 텍스트 표시",검색 플레이스홀더 텍스트,필수
62,UI / UX,낮음,,No,계탐색,검색창,검색영역,검색 입력 필드 옆에 돋보기 버튼 표시,검색 돋보기 버튼,필수
63,기능,중,,No,계탐색,검색창,검색영역,돋보기 버튼 클릭 시 검색 수행,검색 버튼 클릭,필수
64,기능,중,,No,계탐색,검색창,검색영역,검색 입력 필드에서 Enter 키 입력 시 검색 수행,Enter 키 검색,중
65,기능,중,,No,계탐색,검색창,검색영역,"빈 검색어로 검색 시도 시 ""검색어를 입력해주세요"" 메시지 표시",검색 입력 유효성 검사,필수
66,기능,낮음,,No,UI / UX/UX,검색,헤더,입력한 키워드에 따른 검색 결과 표시 페이지 이동,검색 버튼 클릭,필수
67,UI / UX,낮음,,No,UI / UX/UX,메뉴,헤더,"헤더에 ""나의 계"" 메뉴 버튼 표시",나의 계 메뉴 표시,필수
68,기능,낮음,,No,UI / UX/UX,메뉴,헤더,나의 계 메뉴 클릭 시 나의 계 페이지로 이동,나의 계 클릭,필수
69,데이터,중,,No,UI / UX/UX,메뉴,헤더,나의 계 메뉴에 페이지 URL 연결,나의 계 페이지 링크,필수
70,UI / UX,낮음,,No,UI / UX/UX,사용자정보,헤더,헤더 중앙에 내정보 버튼 표시,내 정보 버튼 표시,필수
71,기능,낮음,,No,UI / UX/UX,사용자정보,헤더,내정보 버튼 클릭 시 내정보 페이지로 이동,내 정보 버튼 클릭,필수
72,UI / UX,낮음,,No,UI / UX/UX,사용자정보,헤더,헤더 우측에 로그인한 유저의 닉네임 표시,닉네임 표시,필수
73,UI / UX,낮음,,No,UI / UX/UX,사용자정보,헤더,헤더 우측에 현재 지갑 잔액 표시,잔액 표시,필수
74,UI / UX,낮음,,No,UI / UX/UX,충전,헤더,잔액 옆 충전 버튼 표시,충전 버튼 표시,필수
75,기능,낮음,,No,UI / UX/UX,충전,헤더,충전 버튼 클릭 시 잔액 충전 페이지로 이동,충전 페이지 이동,필수
76,UI / UX,중,,No,UI / UX/UX,반응형,헤더,모바일에서 헤더 반응형 처리,모바일 헤더,높음
77,기능,중,,No,UI / UX/UX,오류 처리,헤더,세션 만료 시 로그인 페이지로 이동,로그인 만료,높음
78,UI / UX,중,,No,UI / UX/UX,오류 처리,헤더,닉네임 조회 실패 시 처리 방안,닉네임 로딩 실패,높음
79,UI / UX,중,,No,UI / UX/UX,오류 처리,헤더,지갑 잔액 조회 실패 시 처리 방안,잔액 조회 실패,높음
80,UI / UX,중,,No,UI / UX/UX,오류 처리,헤더,네트워크 오류 시 이전 페이지로 돌아가기,네트워크 오류,높음
81,UI / UX,낮음,,No,메인페이지,섹션 구조,히어로섹션,헤더 아래 메인페이지 최상단에 이벤트 배너 섹션 표시,이벤트 배너 섹션,필수
82,UI / UX,낮음,,No,메인페이지,배너 표시,히어로섹션,이벤트 배너 이미지 풀 너비로 표시,배너 이미지 표시,필수
83,UI / UX,낮음,,No,메인페이지,배너 표시,히어로섹션,배너 높이 일정하게 유지 (예: 200-300px),배너 높이 설정,필수
84,UI / UX,중,,No,메인페이지,슬라이드,히어로섹션,여러 이벤트 배너를 슬라이드 형식으로 표시,슬라이드 형식,필수
85,UI / UX,중,,No,메인페이지,슬라이드,히어로섹션,이전 배너로 이동하는 버튼 표시,슬라이드 이전 버튼,필수
86,UI / UX,중,,No,메인페이지,슬라이드,히어로섹션,다음 배너로 이동하는 버튼 표시,슬라이드 다음 버튼,필수
87,기능,중,,No,메인페이지,슬라이드,히어로섹션,배너가 일정 시간 간격(예: 5초)으로 자동 전환,슬라이드 자동 재생,필수
88,기능,중,,No,메인페이지,슬라이드,히어로섹션,마우스 호버 또는 터치 시 자동 재생 일시 정지,자동 재생 일시 정지,필수
89,기능,중,,No,메인페이지,슬라이드,히어로섹션,마우스 떠나기 또는 터치 해제 시 자동 재생 재개,자동 재생 재개,필수
90,UI / UX,낮음,,No,메인페이지,슬라이드,히어로섹션,현재 배너 위치 표시 (점 형태의 인디케이터),슬라이드 페이지 인디케이터,필수
91,기능,중,,No,메인페이지,슬라이드,히어로섹션,인디케이터 클릭으로 특정 배너로 바로 이동,인디케이터 클릭,중간
92,UI / UX,중,,No,메인페이지,Framer-motion,히어로섹션,배너 전환 시 부드러운 애니메이션 효과,슬라이드 전환 애니메이션,중간
93,데이터,낮음,,No,메인페이지,Framer-motion,히어로섹션,슬라이드 전환 속도 설정 (예: 0.5초),슬라이드 속도 설정,중간
94,기능,중,,No,메인페이지,Framer-motion,히어로섹션,좌우 드래그로 배너 전환 가능,드래그 제스처,필수
95,기능,중,,No,메인페이지,Framer-motion,히어로섹션,스와이프 제스처로 배너 전환,터치 스와이프,필수
96,기능,낮음,,No,메인페이지,Framer-motion,히어로섹션,배너 클릭 시 해당 이벤트 상세 페이지로 이동,배너 클릭,필수
97,데이터,중,,No,메인페이지,permerlink,히어로섹션,각 배너에 이벤트 URL 또는 페이지 링크 연결,배너 링크 연결,필수
98,UI / UX,중,,No,메인페이지,반응형,히어로섹션,데스크톱 화면에서 배너 레이아웃,레이아웃,필수
99,UI / UX,중,,No,메인페이지,반응형,히어로섹션,태블릿/모바일 화면에서 배너 반응형 처리,레이아웃,필수
100,데이터,중,,No,메인페이지,lazy-load,히어로섹션,배너 이미지 크기 최적화 (용량 압축),이미지 최적화,높음
101,기능,중,,No,메인페이지,lazy-load,히어로섹션,배너 로딩 시간 최소화 (예: 1초 이내),배너 로딩 속도,높음
102,기능,중,,No,메인페이지,Framer-motion,히어로섹션,슬라이드 전환 시 부드러운 성능 유지,슬라이드 성능 최적화,높음
103,데이터,중,,No,메인페이지,lazy-load,히어로섹션,배너 이미지 캐싱으로 재로딩 속도 개선,배너 이미지 캐싱,높음
104,UI / UX,낮음,,No,메인페이지,접근성,히어로섹션,이미지에 alt 텍스트 제공 (시각장애인 접근성),배너 대체 텍스트,필수
105,UI / UX,중,,No,메인페이지,오류 처리,히어로섹션,배너 이미지 로드 실패 시 대체 이미지 표시,배너 이미지 로드 실패,높음
106,UI / UX,낮음,,No,메인페이지,오류 처리,히어로섹션,표시할 배너가 없을 때 준비중 페이지 혹은 이미지 처리,빈 배너 상태,필수
107,UI / UX,낮음,,No,메인페이지,계생성,카테고리버튼,카테고리 섹션 좌측에 계 생성 버튼 표시,새로운 계 생성 버튼 표시,필수
108,UI / UX,낮음,,No,메인페이지,계생성,카테고리버튼,"아이콘 아래에 ""계 생성하기"" 텍스트 표시 (연한 글씨)",버튼 텍스트 표시,필수
109,UI / UX,낮음,,No,메인페이지,계생성,카테고리버튼,텍스트를 연한 회색 또는 약한 톤으로 표시,텍스트 스타일,필수
110,기능,낮음,,No,메인페이지,계생성,카테고리버튼,버튼 클릭 시 계 생성 페이지로 이동,버튼 클릭,필수
111,UI / UX,중,,No,메인페이지,계생성,카테고리버튼,버튼 크기 자동 조정,반응형,필수
112,데이터,중,,No,메인페이지,계생성,카테고리버튼,버튼에 계 생성 페이지 URL 연결,계생성 페이지 링크,필수
113,UI / UX,낮음,,No,메인페이지,섹션 구조,카테고리버튼,이벤트 배너 아래 메인페이지에 카테고리 버튼 섹션 표시,카테고리 버튼 섹션,필수
114,UI / UX,낮음,,No,메인페이지,취미카테고리,카테고리버튼,취미 카테고리 제목과 함께 섹션 표시,취미 카테고리 섹션,필수
115,UI / UX,낮음,,No,메인페이지,취미카테고리,카테고리버튼,"취미 카테고리 섹션에 ""취미""라는 제목 표시",취미 카테고리 제목,필수
116,UI / UX,낮음,,No,메인페이지,취미카테고리,카테고리버튼,취미 카테고리에 속한 모든 취미 버튼 표시,취미 버튼 리스트,필수
117,UI / UX,중,,No,메인페이지,취미카테고리,카테고리버튼,취미 버튼들을 그리드 또는 수평 스크롤 형식으로 배치,취미 버튼 레이아웃,필수
118,UI / UX,낮음,,No,메인페이지,취미카테고리,카테고리버튼,각 취미 버튼에 아이콘 및 텍스트 표시,취미 버튼 디자인,필수
119,UI / UX,낮음,,No,메인페이지,취미카테고리,카테고리버튼,"취미 버튼에 취미 이름 표시 (예: ""술""/ ""여행""/ ""게임""/ ""영화""/ ""음식"" 등)",취미 버튼 텍스트,필수
120,UI / UX,낮음,,No,메인페이지,취미카테고리,카테고리버튼,각 취미 버튼에 해당하는 아이콘 표시,취미 버튼 아이콘,중간
121,데이터,낮음,,No,메인페이지,취미카테고리,카테고리버튼,취미 카테고리에 표시할 버튼 개수 설정,취미 버튼 개수,필수
122,UI / UX,낮음,,No,메인페이지,취미카테고리,카테고리버튼,마우스 호버 시 버튼 색상/크기 변화,취미 버튼 호버 상태,중간
123,기능,낮음,,No,메인페이지,취미카테고리,카테고리버튼,취미 버튼 클릭 시 해당 취미 모임 목록 페이지로 이동,취미 버튼 클릭,필수
124,데이터,중,,No,메인페이지,취미카테고리,카테고리버튼,각 취미 버튼에 해당 취미 모임 목록 페이지 URL 연결,취미별 모임 링크,필수
125,UI / UX,중,,No,메인페이지,스크롤,카테고리버튼,카드 제한(최대 7개)으로 버튼으로 변경,수평 스크롤 가능,필수
126,UI / UX,낮음,,No,메인페이지,스크롤,카테고리버튼,수평 스크롤 가능할 때 좌우 화살표 버튼 표시,스크롤 화살표,중간
127,기능,중,,No,메인페이지,스크롤,카테고리버튼,모든 버튼이 보일 때 스크롤 화살표 자동 숨김,스크롤 자동 숨김,중간
128,UI / UX,중,,No,메인페이지,반응형,카테고리버튼,데스크톱 화면에서 카테고리 버튼 레이아웃,레이아웃,필수
129,UI / UX,중,,No,메인페이지,반응형,카테고리버튼,모바일 화면에서 반응형 처리,레이아웃,높음
130,UI / UX,낮음,,No,메인페이지,반응형,카테고리버튼,화면 크기에 따라 버튼 크기 자동 조정,버튼 크기 조정,중간
131,데이터,중,,No,메인페이지,성능,카테고리버튼,버튼 아이콘 이미지 최적화 (SVG 또는 압축),버튼 이미지 최적화,높음
132,기능,중,,No,메인페이지,성능,카테고리버튼,버튼 로딩 시간 최소화,버튼 로딩 속도,높음
133,기능,중,,No,메인페이지,성능,카테고리버튼,버튼 클릭 후 모임 목록 페이지 로딩 시간 최소화,페이지 전환 속도,높음
134,데이터,중,,No,메인페이지,데이터 관리,카테고리버튼,성격/취미 카테고리 데이터 동적 조회,카테고리 데이터 조회,필수
135,데이터,중,,No,메인페이지,데이터 관리,카테고리버튼,카테고리 데이터 캐싱으로 성능 개선,카테고리 데이터 캐싱,높음
136,UI / UX,낮음,,No,메인페이지,접근성,카테고리버튼,버튼 텍스트 명확하고 읽기 쉽게 표시,텍스트 명확성,필수
137,UI / UX,중,,No,메인페이지,오류 처리,카테고리버튼,카테고리 데이터 로드 실패 시 재시도 옵션 제공,카테고리 데이터 로드 실패,높음
138,UI / UX,중,,No,메인페이지,오류 처리,카테고리버튼,버튼 클릭 후 페이지 로딩 오류 시 처리,버튼 클릭 오류,높음
139,UI / UX,중,,No,메인페이지,오류 처리,카테고리버튼,네트워크 오류 시 재시도 옵션 제공,네트워크 오류,높음
140,UI / UX,낮음,,No,메인페이지,오류 처리,카테고리버튼,아이콘 이미지 로드 실패 시 대체 아이콘 또는 텍스트만 표시,아이콘 로드 실패,중간
141,UI / UX,낮음,,No,메인페이지,오류 처리,카테고리버튼,표시할 카테고리가 없을 때 적절한 메시지 표시,빈 카테고리 상태,필수
142,UI / UX,낮음,,No,메인페이지,섹션 구조,분류별추천모임,메인페이지에 여러 분류의 추천 모임 섹션 표시,분류별 추천 모임 섹션,필수
143,UI / UX,낮음,,No,메인페이지,섹션 구조,분류별추천모임,"각 분류별로 제목 표시 (예: ""현재 인기 있는 계"")",각 분류 제목 표시,필수
144,데이터,낮음,,No,메인페이지,섹션 구조,분류별추천모임,분류 순서: 현재 인기 있는 계 → 취미 유사 → 성향 유사,분류 배열 순서,필수
145,UI / UX,낮음,,No,메인페이지,인기모임,분류별추천모임,현재 인기 있는 계 분류 섹션 표시,현재 인기 있는 계 섹션,필수
146,데이터,높음,,No,메인페이지,인기모임,분류별추천모임,최근 참여 수/ 조회 수 등을 기반으로 인기도 계산,인기도 기반 정렬,필수
147,UI / UX,낮음,,No,메인페이지,인기모임,분류별추천모임,인기도가 높은 모임들을 슬라이드 형식으로 노출 (20개),인기 모임 리스트 노출,필수
148,UI / UX,낮음,,No,메인페이지,취미유사,분류별추천모임,나와 취미가 비슷한 계 분류 섹션 표시,나와 취미가 비슷한 계 섹션,필수
149,데이터,중,,No,메인페이지,취미유사,분류별추천모임,회원가입 시 입력한 사용자의 취미 정보 조회,사용자 취미 정보 조회,필수
150,데이터,높음,,No,메인페이지,취미유사,분류별추천모임,사용자 취미와 모임 카테고리/태그 비교하여 매칭,취미 매칭 알고리즘,필수
151,UI / UX,낮음,,No,메인페이지,취미유사,분류별추천모임,취미가 유사한 모임들을 슬라이드 형식으로 노출 (20개),취미 유사 모임 리스트,필수
152,UI / UX,낮음,,No,메인페이지,성향유사,분류별추천모임,나와 성향이 비슷한 계 분류 섹션 표시,나와 성향이 비슷한 계 섹션,필수
153,데이터,중,,No,메인페이지,성향유사,분류별추천모임,회원가입 시 입력한 사용자의 성향 정보 조회,사용자 성향 정보 조회,필수
154,UI / UX,중,,No,메인페이지,슬라이드,분류별추천모임,각 분류마다 수평 슬라이드 형식으로 모임 카드 노출,슬라이드 형식 표시,필수
155,UI / UX,낮음,,No,메인페이지,슬라이드,분류별추천모임,한 화면에 표시할 모임 카드 개수 (예: 3-4개 노출/ 슬라이드로 20개 모두 조회 가능),한 번에 표시 개수,필수
156,UI / UX,중,,No,메인페이지,슬라이드,분류별추천모임,슬라이드 이전/다음 버튼 표시,슬라이드 네비게이션,필수
157,UI / UX,낮음,,No,메인페이지,슬라이드,분류별추천모임,현재 슬라이드 위치 표시 (바),슬라이드 페이지 인디케이터,중간
158,기능,중,,No,메인페이지,슬라이드,분류별추천모임,슬라이드를 드래그로 조작 가능,슬라이드 드래그 제스처,높음
159,UI / UX,낮음,,No,메인페이지,모임카드,분류별추천모임,슬라이드 내 모임 카드 일관된 레이아웃 유지,모임 카드 레이아웃,필수
160,UI / UX,낮음,,No,메인페이지,모임카드,분류별추천모임,모임 카드에 썸네일 처리(메타태그 구분),모임 대표 이미지,필수
161,UI / UX,낮음,,No,메인페이지,모임카드,분류별추천모임,모임 이름 표시,모임 제목,필수
162,UI / UX,낮음,,No,메인페이지,모임카드,분류별추천모임,모임 소개 텍스트 (1-2줄) 표시,모임 짧은 설명,필수
163,UI / UX,낮음,,No,메인페이지,모임카드,분류별추천모임,모임 현재 참여 멤버 수 표시,모임 멤버 수,높음
164,UI / UX,낮음,,No,메인페이지,모임카드,분류별추천모임,모임 개최 지역/위치 표시,모임 위치 정보,중간
165,UI / UX,낮음,,No,메인페이지,모임카드,분류별추천모임,모임 관련 카테고리 표시,모임 카테고리,중간
166,UI / UX,낮음,,No,메인페이지,모임카드,분류별추천모임,모임 카드 우측 하단에 신청하기 버튼 표시,신청하기 버튼 표시,필수
167,기능,중,,No,메인페이지,모임카드,분류별추천모임,신청하기 버튼 클릭 시 확인 팝업 표시,신청하기 버튼 클릭,필수
168,UI / UX,중,,No,메인페이지,모임카드,분류별추천모임,정말로 신청할거야? 확인 메시지 팝업,신청 확인 팝업,필수
169,기능,낮음,,No,메인페이지,모임카드,분류별추천모임,"팝업의 ""예"" 버튼으로 신청 진행",팝업 확인 버튼,필수
170,기능,낮음,,No,메인페이지,모임카드,분류별추천모임,"팝업의 ""아니오"" 버튼으로 팝업 닫기",팝업 취소 버튼,필수
171,데이터,중,,No,메인페이지,모임카드,분류별추천모임,"신청 후 상태를 ""신청대기중"" 으로 변경",신청 대기 상태,필수
172,데이터,중,,No,메인페이지,모임카드,분류별추천모임,사용자의 신청 정보를 DB에 저장,신청 내역 저장,필수
173,데이터,높음,,No,메인페이지,모임카드,분류별추천모임,신청한 사용자를 모임장이 승인할 때까지 대기,모임장 승인 대기,필수
174,기능,중,,No,메인페이지,모임카드,분류별추천모임,이미 신청 또는 가입한 모임은 버튼 비활성화,중복 신청 방지,필수
175,UI / UX,낮음,,No,메인페이지,모임카드,분류별추천모임,"신청 후 버튼을 ""신청완료"" 또는 ""신청취소"" 로 변경",버튼 상태 변경,필수
176,UI / UX,중,,No,메인페이지,반응형,분류별추천모임,데스크톱 화면에서 슬라이드 레이아웃 (3-4개 노출),데스크톱 슬라이드,필수
177,UI / UX,중,,No,메인페이지,반응형,분류별추천모임,태블릿 화면에서 반응형 슬라이드 처리,태블릿 슬라이드,높음
178,UI / UX,중,,No,메인페이지,반응형,분류별추천모임,모바일 화면에서 슬라이드 반응형 처리 (1-2개 노출),모바일 슬라이드,필수
179,데이터,높음,,No,메인페이지,캐시/성능,분류별추천모임,추천 데이터 캐시하여 로딩 성능 개선,추천 데이터 캐싱,높음
180,데이터,중,,No,메인페이지,캐시/성능,분류별추천모임,모임 카드 이미지 최적화 (용량 압축),이미지 최적화,높음
181,기능,높음,,No,메인페이지,캐시/성능,분류별추천모임,분류별 추천 모임 섹션 로딩 시간 최소화,페이지 로딩 속도,높음
182,기능,중,,No,메인페이지,캐시/성능,분류별추천모임,슬라이드 전환 시 부드러운 애니메이션 및 성능 최적화,슬라이드 성능 최적화,높음
183,UI / UX,낮음,,No,메인페이지,오류 처리,분류별추천모임,"특정 분류에 추천 모임 없을 시 ""모임이 없습니다"" 메시지 - 팝업이나 경고창이 아닌 하드코딩으로 페이지 내 명시",추천 모임 없음,필수
184,UI / UX,중,,No,메인페이지,오류 처리,분류별추천모임,특정 분류 데이터 로드 실패 시 재시도 버튼 제공,분류 데이터 로드 실패,높음
185,UI / UX,중,,No,메인페이지,오류 처리,분류별추천모임,사용자의 취미/성향 정보 조회 실패 시 처리,사용자 정보 조회 실패,높음
186,UI / UX,중,,No,메인페이지,오류 처리,분류별추천모임,일부 분류만 로드 실패했을 때 다른 분류는 표시,부분 로드 실패 처리,높음
187,UI / UX,중,,No,메인페이지,오류 처리,분류별추천모임,네트워크 오류 시 404 페이지,네트워크 오류,높음
188,UI / UX,낮음,,No,메인페이지,오류 처리,분류별추천모임,모임 이미지 로드 실패 시 대체 이미지(플레이스홀더) 표시,이미지 로드 실패,중간
189,UI / UX,낮음,,No,모임상세페이지,배너 이미지,배너섹션,계의 배너 사진을 풀 너비로 표시,배너 이미지 표시,필수
190,UI / UX,낮음,,No,모임상세페이지,배너 이미지,배너섹션,배너 이미지 높이를 일정하게 유지 (예: 300-400px),배너 이미지 높이 설정,필수
191,UI / UX,중,,No,모임상세페이지,메달,배너섹션,"배너 좌측 상단에 ""몇회 모임 진행"" 메달 표시",모임 진행 횟수 메달 표시,필수
192,UI / UX,높음,,No,모임상세페이지,메달,배너섹션,모임 진행 횟수에 따라 메달 색상 변경 (진행 많을수록 고급 색),메달 색상 차등,필수
193,데이터,중,,No,모임상세페이지,메달,배너섹션,메달 등급 기준 설정 (예: 1-5회 동/ 6-10회 은/ 11회 이상 금),메달 등급 기준 설정,필수
194,UI / UX,낮음,,No,모임상세페이지,계정보,배너섹션,배너 아래 좌측에 계의 이름을 큰 글씨로 표시,계 이름 표시,필수
195,UI / UX,낮음,,No,모임상세페이지,계정보,배너섹션,계 이름 아래에 작은 글씨로 계의 설명 텍스트 표시,계 설명 표시,필수
196,UI / UX,낮음,,No,모임상세페이지,계정보,배너섹션,"사람 아이콘과 함께 ""몇명 가입"" 형식으로 표시",가입 인원 표시,필수
197,기능,중,,No,모임상세페이지,계정보,배너섹션,가입 인원 클릭 시 멤버 목록 팝업 노출 (선택사항),가입 인원 클릭,중간
198,UI / UX,낮음,,No,모임상세페이지,금액정보,배너섹션,현재 적립금 라벨 표시,현재 적립금 제목 표시,필수
199,UI / UX,낮음,,No,모임상세페이지,금액정보,배너섹션,xxx 원 형식으로 현재 적립금 표시 (사용한 금액 제외),현재 적립금 금액 표시,필수
200,UI / UX,낮음,,No,모임상세페이지,금액정보,배너섹션,누적 적립금 라벨 표시,누적 적립금 제목 표시,필수
201,UI / UX,낮음,,No,모임상세페이지,금액정보,배너섹션,xxx 원 형식으로 누적 적립금 표시 (사용한 금액 포함),누적 적립금 금액 표시,필수
202,데이터,중,,No,모임상세페이지,금액정보,배너섹션,사용자가 금액 입금/출금 시 실시간으로 금액 자동 업데이트,금액 실시간 갱신,필수
203,UI / UX,낮음,,No,모임상세페이지,금액정보,배너섹션,금액을 천 단위로 쉼표 포맷 (예: 1/000/000 원),금액 포맷팅,필수
204,UI / UX,중,,No,모임상세페이지,레이아웃,배너섹션,좌측: 계 정보(이름/ 설명/ 인원)/ 우측: 금액 정보 레이아웃,좌우 정보 배치,필수
205,UI / UX,낮음,,No,모임상세페이지,레이아웃,배너섹션,좌측과 우측 정보 사이의 간격 일정하게 유지,정보 간격 설정,중간
206,UI / UX,낮음,,No,모임상세페이지,옵션메뉴,배너섹션,계 이름 옆에 톱니바퀴 모양의 옵션 아이콘 표시,옵션 아이콘 표시,필수
207,기능,중,,No,모임상세페이지,옵션메뉴,배너섹션,옵션 아이콘은 모임장 계정에게만 표시,모임장만 옵션 노출,필수
208,기능,중,,No,모임상세페이지,옵션메뉴,배너섹션,일반 멤버는 옵션 아이콘 표시 안함,비모임장 옵션 숨김,필수
209,기능,낮음,,No,모임상세페이지,옵션메뉴,배너섹션,옵션 아이콘 클릭 시 모임 수정 페이지로 이동,옵션 아이콘 클릭,필수
210,UI / UX,중,,No,모임상세페이지,반응형,배너섹션,태블릿/모바일 화면에서 좌우 정보 나란히 표시,레이아웃,필수
211,데이터,중,,No,모임상세페이지,성능,배너섹션,배너 이미지 크기 최적화 (용량 압축),배너 이미지 최적화,높음
212,데이터,중,,No,모임상세페이지,성능,배너섹션,배너 이미지 캐싱으로 로딩 속도 개선,배너 이미지 캐싱,높음
213,기능,중,,No,모임상세페이지,성능,배너섹션,현재/누적 적립금 데이터 빠르게 조회,금액 데이터 조회 성능,높음
214,UI / UX,중,,No,모임상세페이지,오류 처리,배너섹션,배너 이미지 로드 실패 시 대체 이미지 또는 플레이스홀더 표시,배너 이미지 로드 실패,높음
215,UI / UX,중,,No,모임상세페이지,오류 처리,배너섹션,금액 데이터 조회 실패 시 재시도 옵션 제공,금액 데이터 조회 실패,높음
216,UI / UX,중,,No,모임상세페이지,오류 처리,배너섹션,네트워크 오류 시 404 페이지 구분,네트워크 오류,높음
217,UI / UX,중,,No,모임상세페이지,오류 처리,배너섹션,계 이름/ 설명 등 조회 실패 시 404 페이지 구분,계 정보 조회 실패,높음
218,UI / UX,중,,No,모임상세페이지,고정,배너섹션,배너섹션을 제 2 헤더로 페이지 최상단에 고정,배너섹션 고정 위치,필수
219,기능,중,,No,모임상세페이지,고정,배너섹션,사용자가 아래로 스크롤해도 배너섹션은 항상 화면 상단에 표시,스크롤 시 고정 유지,필수
220,데이터,낮음,,No,모임상세페이지,고정,배너섹션,다른 요소 위에 배너섹션이 겹치지 않도록 Z-index 설정,Z-index 설정,필수
221,UI / UX,중,,No,모임상세페이지,고정,배너섹션,고정된 배너섹션 아래에 콘텐츠 영역이 겹치지 않도록 마진 설정,아래 콘텐츠 영역 설정,필수
222,UI / UX,중,,No,모임상세페이지,레이아웃,메뉴콘텐츠,배너 영역 아래를 좌측 메뉴와 우측 콘텐츠로 분할,좌우 분할 레이아웃,필수
223,UI / UX,낮음,,No,모임상세페이지,레이아웃,메뉴콘텐츠,좌측에 세로 방향의 메뉴 목록 표시,좌측 메뉴 영역,필수
224,UI / UX,낮음,,No,모임상세페이지,레이아웃,메뉴콘텐츠,우측에 선택된 메뉴의 콘텐츠 영역 표시,우측 콘텐츠 영역,필수
225,UI / UX,낮음,,No,모임상세페이지,레이아웃,메뉴콘텐츠,좌측 메뉴: 20-25%/ 우측 콘텐츠: 75-80% 비율 설정,영역 비율 설정,필수
226,UI / UX,낮음,,No,모임상세페이지,좌측메뉴,메뉴콘텐츠,"좌측 메뉴에 ""우리 소식"" 항목 표시",우리 소식 메뉴,필수
227,UI / UX,낮음,,No,모임상세페이지,좌측메뉴,메뉴콘텐츠,"좌측 메뉴에 ""우리 일정"" 항목 표시",우리 일정 메뉴,필수
228,UI / UX,낮음,,No,모임상세페이지,좌측메뉴,메뉴콘텐츠,"좌측 메뉴에 ""우리 이력"" 항목 표시",우리 이력 메뉴,필수
229,UI / UX,낮음,,No,모임상세페이지,좌측메뉴,메뉴콘텐츠,"좌측 메뉴에 ""우리 모임"" 항목 표시",우리 모임 메뉴,필수
230,UI / UX,낮음,,No,모임상세페이지,좌측메뉴,메뉴콘텐츠,"좌측 메뉴에 ""우리 승인"" 항목 표시",우리 승인 메뉴,필수
231,데이터,낮음,,No,모임상세페이지,좌측메뉴,메뉴콘텐츠,메뉴 순서: 우리 소식 → 우리 일정 → 우리 이력 → 우리 모임 → 우리 승인,메뉴 순서,필수
232,기능,중,,No,모임상세페이지,우리승인,메뉴콘텐츠,우리 승인 메뉴는 모임장 계정에게만 표시,우리 승인 모임장만 노출,필수
233,기능,중,,No,모임상세페이지,우리승인,메뉴콘텐츠,"일반 멤버에게는 ""우리 승인"" 메뉴 표시 안함",우리 승인 비모임장 숨김,필수
234,기능,중,,No,모임상세페이지,우리승인,메뉴콘텐츠,모임장 여부를 확인한 후 메뉴 노출 여부 결정,우리 승인 권한 확인,필수
235,기능,낮음,,No,모임상세페이지,메뉴클릭,메뉴콘텐츠,좌측 메뉴 항목 클릭 시 반응,메뉴 클릭,필수
236,UI / UX,중,,No,모임상세페이지,메뉴클릭,메뉴콘텐츠,메뉴 선택 시 우측 콘텐츠 영역이 해당 메뉴의 콘텐츠로 동적 변경,콘텐츠 영역 변경,필수
237,기능,중,,No,모임상세페이지,메뉴클릭,메뉴콘텐츠,AJAX 또는 클라이언트 사이드 렌더링으로 새로고침 없이 콘텐츠 전환,페이지 새로고침 없이 변경,필수
238,UI / UX,중,,No,모임상세페이지,메뉴클릭,메뉴콘텐츠,콘텐츠 로딩 중 로딩 인디케이터 또는 스피너 표시,콘텐츠 로드 상태 표시,중간
239,UI / UX,낮음,,No,모임상세페이지,활성상태,메뉴콘텐츠,현재 선택된 메뉴 항목에 활성 상태 하이라이트 표시 (색상/배경색),활성 메뉴 하이라이트,필수
240,UI / UX,낮음,,No,모임상세페이지,활성상태,메뉴콘텐츠,비활성 메뉴는 기본 색상으로 표시,비활성 메뉴 스타일,필수
241,데이터,낮음,,No,모임상세페이지,디폴트,메뉴콘텐츠,"페이지 진입 시 ""우리 소식"" 메뉴를 기본값으로 활성화",디폴트 메뉴 설정,필수
242,UI / UX,중,,No,모임상세페이지,디폴트,메뉴콘텐츠,"페이지 진입 시 ""우리 소식"" 콘텐츠가 우측 영역에 자동 표시",디폴트 콘텐츠 표시,필수
243,UI / UX,낮음,,No,모임상세페이지,디폴트,메뉴콘텐츠,"페이지 진입 시 ""우리 소식"" 메뉴에 활성 상태 하이라이트 적용",디폴트 메뉴 하이라이트,필수
244,UI / UX,낮음,,No,모임상세페이지,메뉴스타일,메뉴콘텐츠,마우스 호버 시 메뉴 항목 색상 변화 또는 배경색 음영 처리 (선택 사항),메뉴 호버 상태,중간
245,UI / UX,낮음,,No,모임상세페이지,메뉴스타일,메뉴콘텐츠,메뉴 텍스트 크기를 일정하게 설정 (예: 16px),메뉴 폰트 크기,필수
246,UI / UX,낮음,,No,모임상세페이지,메뉴스타일,메뉴콘텐츠,메뉴 항목의 위아래 좌우 여백(패딩) 일정하게 설정,메뉴 패딩,필수
247,UI / UX,낮음,,No,모임상세페이지,메뉴스타일,메뉴콘텐츠,메뉴 항목들 사이의 간격 일정하게 유지,메뉴 간격,필수
248,기능,중,,No,모임상세페이지,콘텐츠영역,메뉴콘텐츠,선택된 메뉴에 맞춰 콘텐츠를 동적으로 로드,콘텐츠 동적 로드,필수
249,UI / UX,중,,No,모임상세페이지,콘텐츠영역,메뉴콘텐츠,우측 콘텐츠 영역에 스크롤 바 표시 (콘텐츠가 길 경우),콘텐츠 스크롤,필수
250,UI / UX,낮음,,No,모임상세페이지,콘텐츠영역,메뉴콘텐츠,우측 콘텐츠 영역의 최소 높이 설정,콘텐츠 영역 최소 높이,필수
251,UI / UX,중,,No,모임상세페이지,반응형,메뉴콘텐츠,좌측 메뉴(세로)와 우측 콘텐츠 좌우 분할 레이아웃,레이아웃,필수
252,데이터,중,,No,모임상세페이지,성능,메뉴콘텐츠,이전에 로드한 콘텐츠 캐싱으로 재로드 시간 단축,콘텐츠 캐싱,높음
253,기능,중,,No,모임상세페이지,성능,메뉴콘텐츠,필요한 콘텐츠만 로드하여 초기 페이지 로딩 속도 개선,지연 로딩,높음
254,기능,중,,No,모임상세페이지,성능,메뉴콘텐츠,메뉴 클릭 후 콘텐츠 전환 속도 최소화 (예: 0.3초 이내),메뉴 전환 속도,높음
255,UI / UX,중,,No,모임상세페이지,오류처리,메뉴콘텐츠,콘텐츠 로드 실패 시 404 페이지 및 재시도 옵션 제공,콘텐츠 로드 실패,높음
256,UI / UX,중,,No,모임상세페이지,오류처리,메뉴콘텐츠,메뉴 클릭 후 처리 오류 발생 시 적절한 404 페이지,메뉴 클릭 오류,높음
257,UI / UX,중,,No,모임상세페이지,오류처리,메뉴콘텐츠,모임장 권한 확인 실패 시 처리 방안,권한 확인 오류,높음
258,UI / UX,중,,No,모임상세페이지,오류처리,메뉴콘텐츠,네트워크 오류로 콘텐츠 로드 불가 시 재시도 옵션 제공,네트워크 오류,높음
259,UI / UX,낮음,,No,모임상세페이지,섹션구조,우리소식,우리 소식 메뉴 클릭 시 SNS 형태의 게시글 피드 표시,우리소식 피드 섹션,필수
260,UI / UX,낮음,,No,모임상세페이지,게시글,우리소식,각 게시글을 카드 형태로 표시,게시글 카드 레이아웃,필수
261,UI / UX,낮음,,No,모임상세페이지,게시글,우리소식,게시글 상단 좌측에 작성자 프로필 사진 표시,프로필 사진 표시,필수
262,UI / UX,낮음,,No,모임상세페이지,게시글,우리소식,프로필 사진 옆에 작성자 닉네임 표시,회원 닉네임 표시,필수
263,UI / UX,낮음,,No,모임상세페이지,게시글,우리소식,"닉네임 아래에 게시글 작성 날짜 표시 (예: ""2024년 12월 23일"")",작성일자 표시,필수
264,기능,낮음,,No,모임상세페이지,게시글,우리소식,"작성일자를 상대시간으로 표시 (예: ""2시간 전"")",상대시간 표시,중간
265,UI / UX,낮음,,No,모임상세페이지,게시글,우리소식,작성일자 아래에 게시글 이미지 표시 (선택사항/ MVP 제외),게시글 이미지 표시,필수
266,데이터,중,,No,모임상세페이지,게시글,우리소식,게시글 이미지 용량 최적화 (선택사항),게시글 이미지 최적화,중간
267,UI / UX,중,,No,모임상세페이지,게시글,우리소식,여러 이미지 업로드 및 슬라이드 형태로 표시 (선택사항),게시글 이미지 여러장,중간
268,UI / UX,낮음,,No,모임상세페이지,게시글,우리소식,이미지 아래에 작성자가 입력한 글 내용 표시,게시글 내용 표시,필수
269,데이터,낮음,,No,모임상세페이지,게시글,우리소식,글자 제한(1000자),글 내용 길이 제한,중간
270,UI / UX,낮음,,No,모임상세페이지,게시글,우리소식,"게시글 우측 상단에 ""..."" (더보기) 메뉴 버튼 표시",게시글 메뉴 버튼,필수
271,UI / UX,중,,No,모임상세페이지,게시글,우리소식,"메뉴 버튼 클릭 시 ""삭제"" 옵션 표시 (본인 + 모임장만)",게시글 삭제 옵션,필수
272,기능,중,,No,모임상세페이지,게시글,우리소식,게시글 작성자 본인만 삭제 가능,본인 게시글 삭제 권한,필수
273,기능,중,,No,모임상세페이지,게시글,우리소식,모임장도 모든 게시글 삭제 가능,모임장 게시글 삭제 권한,필수
274,UI / UX,중,,No,모임상세페이지,게시글,우리소식,"메뉴 버튼 클릭 시 ""수정"" 옵션 표시 (본인만)",게시글 수정 옵션,필수
275,기능,중,,No,모임상세페이지,게시글,우리소식,게시글 작성자 본인만 수정 가능,본인 게시글 수정 권한,필수
276,UI / UX,중,,No,모임상세페이지,게시글,우리소식,"삭제 클릭 시 ""정말로 삭제할거야?"" 확인 팝업 표시",게시글 삭제 확인 팝업,필수
277,기능,중,,No,모임상세페이지,게시글,우리소식,삭제 확인 후 게시글 삭제 및 피드에서 제거,게시글 삭제 완료,필수
278,UI / UX,낮음,,No,모임상세페이지,게시글,우리소식,게시글 삭제 완료 시 토스트 메시지 표시 (선택 사항),게시글 삭제 성공 메시지,중간
279,UI / UX,중,,No,모임상세페이지,게시글,우리소식,게시글 삭제 실패 시 404 페이지,게시글 삭제 실패 처리,높음
280,UI / UX,낮음,,No,모임상세페이지,좋아요반응,우리소식,게시글 내용 아래에 좋아요 반응 버튼 표시,좋아요 반응 버튼 표시,필수
281,데이터,중,,No,모임상세페이지,좋아요반응,우리소식,사용자의 좋아요 반응 갯수를 DB에 저장,좋아요 반응 데이터 저장,필수
282,기능,중,,No,모임상세페이지,좋아요반응,우리소식,좋아요 다시 클릭 시 반응 취소,좋아요 반응 취소,필수
283,UI / UX,낮음,,No,모임상세페이지,댓글,우리소식,좋아요 반응 옆에 댓글 버튼 표시,댓글 버튼 표시,필수
284,UI / UX,낮음,,No,모임상세페이지,댓글,우리소식,"댓글 버튼 옆에 ""댓글 000개"" 형식으로 갯수 표시",댓글 갯수 표시,필수
285,UI / UX,낮음,,No,모임상세페이지,댓글,우리소식,댓글 버튼 아래에 댓글 목록 표시,댓글 목록 표시,필수
286,데이터,중,,No,모임상세페이지,댓글,우리소식,초기 표시 댓글 갯수 제한 (예: 3개만 표시),댓글 표시 갯수 제한,필수
287,UI / UX,중,,No,모임상세페이지,댓글,우리소식,댓글 목록이 많을 경우 댓글 영역에만 스크롤 바 표시,댓글 영역 스크롤,필수
288,UI / UX,낮음,,No,모임상세페이지,댓글,우리소식,"댓글이 없을 경우 ""댓글이 없습니다."" 메시지 표시",댓글 없음 메시지,필수
289,UI / UX,낮음,,No,모임상세페이지,댓글,우리소식,댓글 없음 메시지를 연한 회색 또는 약한 톤으로 표시,댓글 메시지 스타일,중간
290,UI / UX,낮음,,No,모임상세페이지,댓글,우리소식,댓글에 작성자 닉네임 표시,댓글 작성자 표시,필수
291,UI / UX,낮음,,No,모임상세페이지,댓글,우리소식,댓글 작성자 아래에 댓글 내용 표시,댓글 내용 표시,필수
292,UI / UX,낮음,,No,모임상세페이지,댓글,우리소식,댓글 내용 옆에 작성 날짜 또는 상대시간 표시,댓글 작성일 표시,필수
293,UI / UX,낮음,,No,모임상세페이지,댓글,우리소식,"댓글 우측에 ""..."" (더보기) 메뉴 버튼 표시 (본인 + 모임장만)",댓글 메뉴 버튼,필수
294,UI / UX,중,,No,모임상세페이지,댓글,우리소식,"댓글 메뉴에서 ""삭제"" 옵션 표시 (본인 + 모임장만)",댓글 삭제 옵션,필수
295,기능,중,,No,모임상세페이지,댓글,우리소식,댓글 작성자 본인만 삭제 가능,본인 댓글 삭제 권한,필수
296,기능,중,,No,모임상세페이지,댓글,우리소식,모임장도 모든 댓글 삭제 가능,모임장 댓글 삭제 권한,필수
297,UI / UX,중,,No,모임상세페이지,댓글,우리소식,"댓글 메뉴에서 ""수정"" 옵션 표시 (본인만)",댓글 수정 옵션,필수
298,기능,중,,No,모임상세페이지,댓글,우리소식,댓글 작성자 본인만 수정 가능,본인 댓글 수정 권한,필수
299,UI / UX,중,,No,모임상세페이지,댓글,우리소식,"댓글 삭제 클릭 시 ""정말로 삭제할거야?"" 확인 팝업 표시",댓글 삭제 확인 팝업,필수
300,기능,중,,No,모임상세페이지,댓글,우리소식,댓글 삭제 확인 후 댓글 삭제 및 목록에서 제거,댓글 삭제 완료,필수
301,UI / UX,낮음,,No,모임상세페이지,댓글입력,우리소식,댓글 목록 아래에 댓글 작성 입력창 표시,댓글 입력창 표시,필수
302,UI / UX,낮음,,No,모임상세페이지,댓글입력,우리소식,"입력창에 ""댓글을 입력하세요..."" 같은 플레이스홀더 텍스트 표시",댓글 입력 플레이스홀더,필수
303,UI / UX,낮음,,No,모임상세페이지,댓글입력,우리소식,"댓글 입력창 옆에 ""등록"" 버튼 표시",댓글 등록 버튼,필수
304,기능,중,,No,모임상세페이지,댓글입력,우리소식,엔터 키 입력으로도 댓글 등록 가능,엔터키 등록,필수
305,기능,중,,No,모임상세페이지,댓글입력,우리소식,Shift+엔터로 댓글 내에서 줄바꿈 가능,Shift+엔터 줄바꿈,중간
306,기능,중,,No,모임상세페이지,댓글입력,우리소식,등록 버튼 클릭 시 댓글 등록,댓글 등록 버튼 클릭,필수
307,기능,낮음,,No,모임상세페이지,댓글입력,우리소식,공백만 있는 댓글은 등록 불가,댓글 빈값 방지,필수
308,UI / UX,낮음,,No,모임상세페이지,댓글입력,우리소식,입력값이 없으면 등록 버튼 비활성화(Disabled),댓글 등록 버튼 비활성화,필수
309,기능,중,,No,모임상세페이지,댓글입력,우리소식,댓글 등록 후 입력창 초기화 및 댓글 목록 하단에 추가,댓글 등록 완료,필수
310,UI / UX,낮음,,No,모임상세페이지,댓글입력,우리소식,댓글 등록 성공 시 토스트 메시지 표시,댓글 등록 성공 메시지,중간
311,UI / UX,낮음,,No,모임상세페이지,대댓글,우리소식,"각 댓글 우측에 ""답글"" 또는 ""대댓글"" 버튼 표시",대댓글 버튼 표시,필수
312,기능,중,,No,모임상세페이지,대댓글,우리소식,대댓글 버튼 클릭 시 대댓글 입력창 표시,대댓글 버튼 클릭,필수
313,UI / UX,중,,No,모임상세페이지,대댓글,우리소식,해당 댓글 아래에 대댓글 입력창 표시,대댓글 입력창 표시,필수
314,UI / UX,낮음,,No,모임상세페이지,대댓글,우리소식,대댓글 입력창을 댓글보다 들여쓰기(indent)로 표시,대댓글 입력창 들여쓰기,필수
315,기능,중,,No,모임상세페이지,대댓글,우리소식,"대댓글 입력 시 ""@댓글작성자명"" 자동 추가",멘션 기능,필수
316,UI / UX,낮음,,No,모임상세페이지,대댓글,우리소식,"대댓글 입력창 옆에 ""등록"" 버튼 표시",대댓글 등록 버튼,필수
317,기능,중,,No,모임상세페이지,대댓글,우리소식,대댓글 등록 후 해당 댓글 아래에 추가,대댓글 등록 완료,필수
318,UI / UX,중,,No,모임상세페이지,대댓글,우리소식,각 댓글 아래에 대댓글 목록 표시 (들여쓰기),대댓글 목록 표시,필수
319,UI / UX,낮음,,No,모임상세페이지,대댓글,우리소식,대댓글에 작성자 닉네임 표시,대댓글 작성자 표시,필수
320,UI / UX,낮음,,No,모임상세페이지,대댓글,우리소식,대댓글 작성자 아래에 내용 표시,대댓글 내용 표시,필수
321,UI / UX,낮음,,No,모임상세페이지,대댓글,우리소식,대댓글에 작성 날짜 또는 상대시간 표시,대댓글 작성일 표시,필수
322,UI / UX,낮음,,No,모임상세페이지,대댓글,우리소식,"대댓글 우측에 ""..."" 메뉴 버튼 표시 (본인 + 모임장만)",대댓글 메뉴 버튼,필수
323,UI / UX,중,,No,모임상세페이지,대댓글,우리소식,"대댓글 메뉴에서 ""삭제"" 옵션 표시 (본인 + 모임장만)",대댓글 삭제 옵션,필수
324,기능,중,,No,모임상세페이지,대댓글,우리소식,대댓글 작성자 본인만 삭제 가능,본인 대댓글 삭제 권한,필수
325,기능,중,,No,모임상세페이지,대댓글,우리소식,모임장도 모든 대댓글 삭제 가능,모임장 대댓글 삭제 권한,필수
326,UI / UX,중,,No,모임상세페이지,대댓글,우리소식,"대댓글 메뉴에서 ""수정"" 옵션 표시 (본인만)",대댓글 수정 옵션,필수
327,기능,중,,No,모임상세페이지,대댓글,우리소식,대댓글 작성자 본인만 수정 가능,본인 대댓글 수정 권한,필수
328,UI / UX,중,,No,모임상세페이지,대댓글,우리소식,"대댓글 삭제 클릭 시 ""정말로 삭제할거야?"" 확인 팝업 표시",대댓글 삭제 확인 팝업,필수
329,기능,중,,No,모임상세페이지,대댓글,우리소식,대댓글 삭제 확인 후 목록에서 제거,대댓글 삭제 완료,필수
330,UI / UX,낮음,,No,모임상세페이지,대댓글,우리소식,대댓글을 등록순으로 정렬,대댓글 정렬,필수
331,UI / UX,낮음,,No,모임상세페이지,대댓글,우리소식,댓글에 대댓글이 없으면 대댓글 영역 표시 안함,대댓글 없을 때 표시,필수
332,UI / UX,중,,No,모임상세페이지,대댓글,우리소식,대댓글 로드 실패 시 404 페이지,대댓글 로드 실패,높음
333,UI / UX,중,,No,모임상세페이지,대댓글,우리소식,대댓글 등록 실패 시 404 페이지,대댓글 등록 실패,높음
334,UI / UX,중,,No,모임상세페이지,대댓글,우리소식,대댓글 삭제 실패 시 404 페이지,대댓글 삭제 실패,높음
335,데이터,낮음,,No,모임상세페이지,정렬,우리소식,게시글을 최신순(최신글이 상단)으로 나열,게시글 최신순 정렬,필수
336,UI / UX,중,,No,모임상세페이지,정렬,우리소식,최신순/오래된순/인기순 정렬 옵션 제공 (선택사항),게시글 정렬 옵션,중간
337,데이터,낮음,,No,모임상세페이지,정렬,우리소식,댓글을 최신순으로 정렬 (선택사항),댓글 최신순 정렬,필수
338,기능,높음,,No,모임상세페이지,페이지네이션,우리소식,페이지 스크롤 시 자동으로 다음 게시글 로드 - 무한 스크롤,무한 스크롤,높음
339,UI / UX,중,,No,모임상세페이지,페이지네이션,우리소식,게시글 로딩 중 로딩 인디케이터 표시,페이지네이션 로딩 표시,중간
340,UI / UX,중,,No,모임상세페이지,페이지네이션,우리소식,"더 이상 로드할 게시글이 없을 때 ""더 이상 게시글이 없습니다"" 메시지 표시",더이상 게시글 없음,중간
341,UI / UX,중,,No,모임상세페이지,반응형,우리소식,게시글 카드 레이아웃 표시,레이아웃,필수
342,데이터,중,,No,모임상세페이지,성능,우리소식,프로필 사진 이미지 최적화 (용량 압축),프로필 사진 최적화,높음
343,데이터,중,,No,모임상세페이지,성능,우리소식,게시글 첨부 이미지 최적화 (용량 압축) (선택 사항),게시글 이미지 최적화,높음
344,데이터,중,,No,모임상세페이지,성능,우리소식,게시글 이미지 캐싱으로 재로딩 속도 개선 (선택 사항),게시글 이미지 캐싱,높음
345,데이터,중,,No,모임상세페이지,성능,우리소식,게시글 및 댓글 데이터 캐싱으로 로딩 속도 개선,데이터 캐싱,높음
346,기능,높음,,No,모임상세페이지,성능,우리소식,무한 스크롤 시 성능 저하 없도록 최적화,무한 스크롤 성능,높음
347,UI / UX,중,,No,모임상세페이지,오류처리,우리소식,게시글 로드 실패 시 404 페이지,게시글 로드 실패,높음
348,UI / UX,중,,No,모임상세페이지,오류처리,우리소식,댓글 로드 실패 시 404 페이지,댓글 로드 실패,높음
349,UI / UX,중,,No,모임상세페이지,오류처리,우리소식,댓글 등록 실패 시 404 페이지,댓글 등록 실패,높음
350,UI / UX,중,,No,모임상세페이지,오류처리,우리소식,이모지 반응 등록 실패 시 404 페이지,이모지 반응 실패,높음
351,UI / UX,중,,No,모임상세페이지,오류처리,우리소식,게시글 삭제 실패 시 404 페이지,게시글 삭제 실패,높음
352,UI / UX,중,,No,모임상세페이지,오류처리,우리소식,댓글 삭제 실패 시 404 페이지,댓글 삭제 실패,높음
353,UI / UX,중,,No,모임상세페이지,오류처리,우리소식,네트워크 오류 시 404 페이지,네트워크 오류,높음
354,UI / UX,중,,No,모임상세페이지,오류처리,우리소식,사용자 권한 확인 실패 시 처리 방안,권한 확인 오류,높음
355,UI / UX,낮음,,No,모임상세페이지,섹션구조,우리일정,우리 일정 메뉴 클릭 시 달력 형태의 일정 표시,우리 일정 섹션,필수
356,UI / UX,낮음,,No,모임상세페이지,제목영역,우리일정,"컨텐츠 영역 좌상단에 ""xxxx년 xx월"" 형식으로 표시",년월 제목 표시,필수
357,데이터,낮음,,No,모임상세페이지,제목영역,우리일정,페이지 진입 시 현재 날짜의 월을 기본값으로 표시,디폴트 월 설정,필수
358,UI / UX,낮음,,No,모임상세페이지,월이동,우리일정,"컨텐츠 우상단에 ""<"" 버튼으로 이전달 이동",이전달 버튼,필수
359,UI / UX,낮음,,No,모임상세페이지,월이동,우리일정,"컨텐츠 우상단에 "">"" 버튼으로 다음달 이동",다음달 버튼,필수
360,기능,중,,No,모임상세페이지,월이동,우리일정,버튼 클릭 시 달력과 년월 제목이 함께 변경,월 이동 반영,필수
361,UI / UX,중,,No,모임상세페이지,달력,우리일정,월별 달력 표시 (일요일 ~ 토요일),달력 표시,필수
362,UI / UX,중,,No,모임상세페이지,달력,우리일정,7열 달력 형식 (일월화수목금토),달력 레이아웃,필수
363,UI / UX,낮음,,No,모임상세페이지,달력,우리일정,이전달/다음달 날짜를 연한 색으로 표시,타월 날짜 표시,중간
364,UI / UX,낮음,,No,모임상세페이지,달력,우리일정,오늘 날짜를 특별한 색상으로 하이라이트,오늘 날짜 표시,중간
365,UI / UX,중,,No,모임상세페이지,일정표시,우리일정,각 일정의 종류별로 다른 색상으로 표시,일정 색상 구분,필수
366,UI / UX,낮음,,No,모임상세페이지,일정표시,우리일정,납입일 일정을 특정 색상(예: 빨강)으로 표시,납입일 색상,필수
367,UI / UX,낮음,,No,모임상세페이지,일정표시,우리일정,모임일 일정을 특정 색상(예: 파랑)으로 표시,모임일 색상,필수
368,UI / UX,낮음,,No,모임상세페이지,일정표시,우리일정,"달력의 각 날짜에 일정명(예: ""납입일""/ ""모임명"") 표시",일정 설명 표시,필수
369,UI / UX,중,,No,모임상세페이지,일정표시,우리일정,한 날짜에 여러 일정이 있을 경우 모두 표시,여러 일정 표시,중간
370,UI / UX,중,,No,모임상세페이지,일정표시,우리일정,"날짜 칸에 일정이 많으면 줄바꿈 또는 ""..."" 표시",일정 줄바꿈,중간
371,데이터,높음,,No,모임상세페이지,납입일,우리일정,"매월 같은 날짜에 자동으로 ""납입일"" 일정 생성",자동 납입일 설정,필수
372,데이터,높음,,No,모임상세페이지,모임일정,우리일정,우리 모임에서 개최된 모임 일정이 자동으로 달력에 기입,모임 일정 자동 연동,필수
373,UI / UX,낮음,,No,모임상세페이지,모임일정,우리일정,달력에 모임 이름 표시 (선택사항),모임명 표시,필수
374,UI / UX,낮음,,No,모임상세페이지,모임일정,우리일정,"달력에 모임 시간 표시 (예: ""14:00"") (선택사항)",모임 시간 표시,필수
375,UI / UX,중,,No,모임상세페이지,일정목록,우리일정,달력 아래에 해당 월의 일정을 텍스트 목록으로 표시,일정 목록 섹션,필수
376,데이터,낮음,,No,모임상세페이지,일정목록,우리일정,일정 목록을 날짜순으로 정렬,일정 목록 정렬,필수
377,UI / UX,낮음,,No,모임상세페이지,일정목록,우리일정,"목록의 각 일정에 날짜 표시 (예: ""2024년 12월 25일"")",일정 날짜 표시,필수
378,UI / UX,낮음,,No,모임상세페이지,일정목록,우리일정,"목록의 각 일정에 제목 표시 (예: ""납입일""/ ""모임명"")",일정 제목 표시,필수
379,UI / UX,낮음,,No,모임상세페이지,일정목록,우리일정,모임 일정에 시간 표시,일정 시간 표시,필수
380,UI / UX,낮음,,No,모임상세페이지,일정목록,우리일정,목록의 일정을 종류별 색상으로 구분,일정 색상 구분,필수
381,기능,중,,No,모임상세페이지,일정클릭,우리일정,달력의 일정 클릭 시 상세 정보 팝업 표시 (선택사항),달력 일정 클릭,중간
382,UI / UX,중,,No,모임상세페이지,반응형,우리일정,달력과 일정 목록 나란히 표시,레이아웃,필수
383,기능,중,,No,모임상세페이지,성능,우리일정,월별 일정 데이터를 효율적으로 로드,일정 데이터 로드,높음
384,기능,중,,No,모임상세페이지,성능,우리일정,월 이동 시 새로고침 없이 빠르게 전환,월 이동 속도,높음
385,데이터,중,,No,모임상세페이지,성능,우리일정,일정 데이터 캐싱으로 로딩 속도 개선,일정 데이터 캐싱,높음
386,UI / UX,중,,No,모임상세페이지,오류처리,우리일정,일정 데이터 로드 실패 시 404 페이지,일정 로드 실패,높음
387,UI / UX,중,,No,모임상세페이지,오류처리,우리일정,월 이동 중 오류 발생 시 처리 방안 - 디버깅 예상 분류 필요,월 이동 오류,높음
388,UI / UX,중,,No,모임상세페이지,오류처리,우리일정,네트워크 오류 시 404 페이지,네트워크 오류,높음
389,UI / UX,중,,No,계상세페이지,그래프섹션,우리이력,우리 이력 페이지 최상단에 금액 그래프 섹션 표시,그래프 섹션 표시,필수
390,UI / UX,중,,No,계상세페이지,그래프섹션,우리이력,그래프 가로축을 'x월 x주차' 형식으로 표시,그래프 가로축 표시,필수
391,UI / UX,중,,No,계상세페이지,그래프섹션,우리이력,그래프 세로축을 '금액'으로 표시,그래프 세로축 표시,필수
392,UI / UX,높음,,No,계상세페이지,그래프섹션,우리이력,선 그래프로 각 주차별 현재 잔액 표시,선 그래프 표시,필수
393,UI / UX,높음,,No,계상세페이지,그래프섹션,우리이력,막대 그래프로 각 주차별 사용 금액 합산 표시,막대 그래프 표시,필수
394,UI / UX,높음,,No,계상세페이지,그래프섹션,우리이력,선 그래프와 막대 그래프를 동시에 표시,복합 그래프 표시,필수
395,데이터,중,,No,계상세페이지,그래프섹션,우리이력,같은 주에 여러 모임이 있을 경우 금액 합산하여 표시,주차별 사용 금액 합산,필수
396,UI / UX,중,,No,계상세페이지,이력카드,우리이력,그래프 아래에 얇고 긴 카드 형식의 이력 기록 표시,이력 카드 레이아웃,필수
397,UI / UX,중,,No,계상세페이지,이력카드,우리이력,각 이력 카드의 좌측에 일어난 일에 해당하는 아이콘 표시 (구분되도록),이력 카드 좌측 아이콘,필수
398,UI / UX,중,,No,계상세페이지,이력카드,우리이력,각 이벤트 타입별로 구분되는 특정 색깔로 표시,이벤트별 아이콘 색상 구분,필수
399,UI / UX,낮음,,No,계상세페이지,이력카드,우리이력,각 이력 카드에 일어난 날짜 표시,이력 카드 날짜 표시,필수
400,UI / UX,낮음,,No,계상세페이지,이력카드,우리이력,"이력 카드에 ""ooo님이 탈퇴했습니다""/ ""가입했습니다"" 등 텍스트 표시",이력 카드 텍스트,필수
401,데이터,낮음,,No,계상세페이지,이력카드,우리이력,이력 카드를 최신순으로 정렬하여 표시,이력 카드 정렬 순서,필수
402,UI / UX,중,,No,계상세페이지,이력카드,우리이력,이력 카드 목록을 스크롤 또는 무한 로드로 표시,이력 카드 스크롤,필수
403,UI / UX,중,,No,계상세페이지,모임진행,우리이력,모임 진행 이력 카드 우측에 아코디언 표시 버튼,모임 진행 아코디언 버튼,필수
404,UI / UX,중,,No,계상세페이지,모임진행,우리이력,아코디언 클릭 시 그 날의 금액 사용 기록 모두 표시,모임 진행 상세 정보 표시,필수
405,UI / UX,낮음,,No,계상세페이지,모임진행,우리이력,"모임 진행 상세 정보에 ""몇시 몇분에"" 출금했는지 표시",출금 시간 표시,필수
406,UI / UX,낮음,,No,계상세페이지,모임진행,우리이력,"모임 진행 상세 정보에 ""얼마를"" 출금했는지 표시",출금 금액 표시,필수
407,데이터,중,,No,계상세페이지,모임진행,우리이력,같은 날에 여러 번 출금이 있을 경우 모두 표시,날짜별 금액 사용 기록,필수
408,UI / UX,중,,No,계상세페이지,회비납입,우리이력,xx차 회비가 납입되었습니다 이력 표시,회비 납입 이력 표시,필수
409,UI / UX,중,,No,계상세페이지,회비납입,우리이력,회비 납입 이력 카드 우측에 아코디언 표시 버튼 (선택사항),회비 납입 아코디언 버튼,필수
410,UI / UX,높음,,No,계상세페이지,회비납입,우리이력,아코디언 클릭 시 납입/연체/미납 비율을 나타내는 다이어그램 표시 (선택사항),납입 상황 다이어그램 표시,필수
411,UI / UX,낮음,,No,계상세페이지,회비납입,우리이력,다이어그램 아래에 '납입'/ '미납' 분류 제목 표시 (선택사항),납입 상황 분류 제목,필수
412,UI / UX,중,,No,계상세페이지,회비납입,우리이력,납입' 분류 아래에 납입한 사람들의 프로필 사진 표시 (선택사항),납입자 프로필 표시,필수
413,UI / UX,중,,No,계상세페이지,회비납입,우리이력,미납' 분류 아래에 미납한 사람들의 프로필 표시 (선택사항),미납자 프로필 표시,필수
414,UI / UX,중,,No,계상세페이지,회비납입,우리이력,미납이 1~3회 이하인 경우 프로필 사진 대신 익명 아이콘 표시 (선택사항),연체/미납 익명 처리 (1-3회),필수
415,UI / UX,중,,No,계상세페이지,회비납입,우리이력,미납이 4회 이상인 경우 실제 사람의 프로필 사진으로 표시 (선택사항),연체/미납 공개 처리 (4회 이상),필수
416,UI / UX,중,,No,계상세페이지,회비납입,우리이력,프로필 사진 또는 익명 아이콘에 연체/미납 여부를 구분할 수 있도록 표시 (선택사항),연체/미납 구분 표시,필수
417,UI / UX,중,,No,계상세페이지,반응형,우리이력,그래프와 이력 카드 최적 레이아웃 표시,반응형 레이아웃,필수
418,기능,높음,,No,계상세페이지,성능,우리이력,그래프 데이터 로딩 시간 최적화,그래프 데이터 로딩,중
419,기능,높음,,No,계상세페이지,성능,우리이력,이력 카드 무한 스크롤 시 성능 최적화,이력 무한 스크롤 성능,중
420,데이터,중,,No,계상세페이지,성능,우리이력,이력 데이터 캐싱하여 로딩 성능 개선,이력 데이터 캐싱,중
421,UI / UX,중,,No,계상세페이지,에러처리,우리이력,그래프 데이터 로드 실패 시 404 페이지,그래프 데이터 로드 실패,필수
422,UI / UX,중,,No,계상세페이지,에러처리,우리이력,이력 데이터 로드 실패 시 404 페이지,이력 데이터 로드 실패,필수
423,UI / UX,중,,No,계상세페이지,에러처리,우리이력,네트워크 오류 발생 시 재시도 옵션 제공,네트워크 오류 처리,필수
424,UI / UX,중,,No,계상세페이지,헤더버튼,우리모임,우리 모임 섹션 우측 상단에 '모임 생성하기' 버튼 표시 (계주만 노출),모임 생성하기 버튼 표시,필수
425,UI / UX,중,,No,계상세페이지,헤더버튼,우리모임,우리 모임 섹션 우측 상단에 '출금 신청하기' 버튼 표시 (계주만 노출),출금 신청하기 버튼 표시,필수
426,기능,중,,No,계상세페이지,헤더버튼,우리모임,계주가 아닌 사용자에게는 버튼 비표시,버튼 권한 체크,필수
427,기능,중,,No,계상세페이지,헤더버튼,우리모임,모임 생성하기' 버튼 클릭 시 모임 생성 페이지로 이동,모임 생성하기 클릭,필수
428,기능,중,,No,계상세페이지,헤더버튼,우리모임,출금 신청하기' 버튼 클릭 시 출금 신청 페이지로 이동,출금 신청하기 클릭,필수
429,UI / UX,중,,No,계상세페이지,모임카드,우리모임,계주가 생성한 모임을 카드 형식으로 표시,모임 카드 레이아웃,필수
430,UI / UX,중,,No,계상세페이지,모임카드,우리모임,모임 카드에 모임명/ 날짜/ 시간/ 장소 등 정보 표시,모임 정보 표시,필수
431,UI / UX,중,,No,계상세페이지,모임카드,우리모임,모임 카드에 참가/불참/미응답 회원수 표시,참가자 현황 표시,필수
432,UI / UX,중,,No,계상세페이지,모임상세,우리모임,참가자 목록에 각 사람의 프로필 사진 및 이름 표시,참가자 프로필 표시,필수
433,UI / UX,중,,No,계상세페이지,모임상세,우리모임,불참자 목록에 각 사람의 프로필 사진 및 이름 표시,불참자 프로필 표시,필수
434,UI / UX,중,,No,계상세페이지,모임상세,우리모임,미응답자 목록에 각 사람의 프로필 사진 및 이름 표시,미응답자 프로필 표시,필수
435,UI / UX,중,,No,계상세페이지,모임응답,우리모임,계원이 모임 카드에서 '참가' 버튼으로 응답 가능,모임 참가 버튼,필수
436,UI / UX,중,,No,계상세페이지,모임응답,우리모임,계원이 모임 카드에서 '불참' 버튼으로 응답 가능,모임 불참 버튼,필수
437,데이터,중,,No,계상세페이지,모임응답,우리모임,계원의 참가/불참 응답 저장,응답 상태 저장,필수
438,UI / UX,중,,No,계상세페이지,출금카드,우리모임,계주가 신청한 출금을 카드 형식으로 표시,출금 신청 카드 표시,필수
439,UI / UX,중,,No,계상세페이지,출금카드,우리모임,출금 카드에 '금액' 정보 표시,출금 금액 표시,필수
440,UI / UX,중,,No,계상세페이지,출금카드,우리모임,출금 카드에 '목적' 정보 표시,출금 목적 표시,필수
441,UI / UX,낮음,,No,계상세페이지,출금카드,우리모임,출금 카드에 신청 날짜 및 시간 표시,출금 신청 시간 표시,필수
442,UI / UX,중,,No,계상세페이지,출금응답,우리모임,계원이 출금 카드에서 '승인' 버튼으로 응답 가능,출금 승인 버튼,필수
443,UI / UX,중,,No,계상세페이지,출금응답,우리모임,계원이 출금 카드에서 '거절' 버튼으로 응답 가능,출금 거절 버튼,필수
444,데이터,중,,No,계상세페이지,출금응답,우리모임,계원의 승인/거절 응답 저장,출금 응답 저장,필수
445,기능,중,,No,계상세페이지,출금상세,우리모임,출금 카드 클릭 시 출금 상세 정보 표시,출금 카드 클릭,필수
446,UI / UX,중,,No,계상세페이지,출금상세,우리모임,출금 상세 정보에 승인한 인원 목록 표시,승인자 목록 표시,필수
447,UI / UX,중,,No,계상세페이지,출금상세,우리모임,출금 상세 정보에 거절한 인원 목록 표시,거절자 목록 표시,필수
448,UI / UX,중,,No,계상세페이지,출금상세,우리모임,출금 상세 정보에 응답하지 않은 인원 목록 표시,미응답자 목록 표시,필수
449,UI / UX,중,,No,계상세페이지,출금상세,우리모임,승인/거절/미응답 각 항목의 인원 수 표시,인원 수 집계,필수
450,데이터,중,,No,계상세페이지,출금승인,우리모임,과반 수 이상의 승인 여부 판단,과반 수 계산,필수
451,기능,높음,,No,계상세페이지,출금승인,우리모임,과반 수 이상이 승인한 경우 바코드 생성,바코드 생성 조건,필수
452,UI / UX,중,,No,계상세페이지,출금승인,우리모임,출금 신청 카드 아래에 바코드 표시,바코드 생성 위치,필수
453,UI / UX,중,,No,계상세페이지,출금승인,우리모임,바코드에 출금 신청 금액 표시,바코드 금액 표시,필수
454,데이터,중,,No,계상세페이지,출금승인,우리모임,바코드가 이미 사용되었는지 여부 표시,바코드 사용 여부,필수
455,기능,중,,No,계상세페이지,출금승인,우리모임,바코드를 클립보드에 복사 가능,바코드 복사 기능,중
456,데이터,낮음,,No,계상세페이지,정렬,우리모임,모임 목록을 최신순으로 정렬,모임 최신순 정렬,필수
457,데이터,낮음,,No,계상세페이지,정렬,우리모임,출금 목록을 최신순으로 정렬,출금 최신순 정렬,필수
458,기능,중,,No,계상세페이지,스크롤,우리모임,모임 및 출금 목록 무한 스크롤 또는 페이지네이션,모임/출금 무한 스크롤,필수
459,UI / UX,중,,No,계상세페이지,반응형,우리모임,모임/출금 카드 최적 레이아웃 표시,레이아웃,필수
460,데이터,중,,No,계상세페이지,성능,우리모임,모임 데이터 캐싱하여 로딩 성능 개선,모임 데이터 캐싱,중
461,데이터,중,,No,계상세페이지,성능,우리모임,출금 데이터 캐싱하여 로딩 성능 개선,출금 데이터 캐싱,중
462,기능,중,,No,계상세페이지,성능,우리모임,무한 스크롤 시 성능 최적화,무한 스크롤 성능 최적화,중
463,UI / UX,중,,No,계상세페이지,에러처리,우리모임,모임 데이터 로드 실패 시 404 페이지,모임 데이터 로드 실패,필수
464,UI / UX,중,,No,계상세페이지,에러처리,우리모임,출금 데이터 로드 실패 시 404 페이지,출금 데이터 로드 실패,필수
465,UI / UX,중,,No,계상세페이지,에러처리,우리모임,모임/출금 응답 저장 실패 시 404 페이지,응답 저장 실패,필수
466,UI / UX,중,,No,계상세페이지,에러처리,우리모임,바코드 생성 실패 시 404 페이지,바코드 생성 실패,필수
467,UI / UX,중,,No,계상세페이지,에러처리,우리모임,네트워크 오류 발생 시 재시도 옵션 제공,네트워크 오류 처리,필수
468,ㅡㅡ,ㅡㅡ,,No,ㅡㅡ,ㅡㅡ,ㅡㅡ,ㅡㅡ,ㅡㅡ,ㅡㅡ
469,UI / UX,낮음,,No,계상세페이지,섹션구조,우리승인,우리 승인 섹션에 가입 신청과 멤버 추방 요청 표시,우리 승인 섹션 표시,필수
470,기능,중,,No,계상세페이지,섹션구조,우리승인,모든 계원이 추방 요청 목록 확인 가능,전체 멤버 확인 권한,필수
471,기능,중,,No,계상세페이지,섹션구조,우리승인,계주만 가입 신청 목록 확인 가능,계주 확인 권한,필수
472,UI / UX,중,,No,계상세페이지,가입신청,우리승인,계에 가입을 신청한 인원을 카드 형식으로 표시,가입 신청 카드 표시,필수
473,UI / UX,중,,No,계상세페이지,가입신청,우리승인,가입 신청 카드에 신청자의 프로필 사진 및 이름/ 점수 표시,신청자 프로필 표시,필수
474,UI / UX,낮음,,No,계상세페이지,가입신청,우리승인,가입 신청 카드에 신청 날짜 및 시간 표시,신청 시간 표시,필수
475,UI / UX,중,,No,계상세페이지,가입승인,우리승인,가입 신청 카드에 '승인' 버튼 표시 (계주만 노출),가입 승인 버튼 표시,필수
476,UI / UX,중,,No,계상세페이지,가입승인,우리승인,가입 신청 카드에 '거절' 버튼 표시 (계주만 노출),가입 거절 버튼 표시,필수
477,데이터,높음,,No,계상세페이지,가입승인,우리승인,계주가 '승인' 클릭 시 해당 인원을 계원으로 추가,가입 승인 처리,필수
478,데이터,높음,,No,계상세페이지,가입승인,우리승인,계주가 '거절' 클릭 시 신청 거절 처리,가입 거절 처리,필수
479,UI / UX,중,,No,계상세페이지,가입승인,우리승인,승인/거절 클릭 시 확인 팝업 표시,승인/거절 확인 팝업,필수
480,UI / UX,중,,No,계상세페이지,추방요청,우리승인,계주가 멤버 추방 요청한 인원을 카드 형식으로 표시,추방 요청 카드 표시,필수
481,UI / UX,중,,No,계상세페이지,추방요청,우리승인,추방 요청 카드에 추방 대상자의 프로필 사진 및 이름/ 점수 표시,추방 대상 표시,필수
482,UI / UX,중,,No,계상세페이지,추방요청,우리승인,추방 요청 카드에 계주가 입력한 추방 사유 표시,추방 사유 표시,필수
483,UI / UX,낮음,,No,계상세페이지,추방요청,우리승인,추방 요청 카드에 요청 날짜 및 시간 표시,추방 요청 시간 표시,필수
484,UI / UX,중,,No,계상세페이지,추방동의,우리승인,추방 요청 카드에 '동의' 버튼 표시 (전체 계원 노출),추방 동의 버튼 표시,필수
485,UI / UX,중,,No,계상세페이지,추방동의,우리승인,추방 요청 카드에 '비동의' 버튼 표시 (전체 계원 노출),추방 비동의 버튼 표시,필수
486,데이터,중,,No,계상세페이지,추방동의,우리승인,계원이 '동의' 클릭 시 동의 의사 저장,추방 동의 처리,필수
487,데이터,중,,No,계상세페이지,추방동의,우리승인,계원이 '비동의' 클릭 시 비동의 의사 저장,추방 비동의 처리,필수
488,기능,중,,No,계상세페이지,추방동의,우리승인,계원이 동의/비동의 선택 후 변경 가능,동의/비동의 변경,필수
489,UI / UX,중,,No,계상세페이지,추방동의,우리승인,동의/비동의 클릭 시 확인 팝업 표시,동의/비동의 확인 팝업,필수
490,UI / UX,중,,No,계상세페이지,추방상세,우리승인,추방 상세 정보에 동의한 인원 목록 표시,동의자 목록 표시,필수
491,UI / UX,중,,No,계상세페이지,추방상세,우리승인,추방 상세 정보에 비동의한 인원 목록 표시,비동의자 목록 표시,필수
492,UI / UX,중,,No,계상세페이지,추방상세,우리승인,추방 상세 정보에 응답하지 않은 인원 목록 표시,미응답자 목록 표시,필수
493,UI / UX,중,,No,계상세페이지,추방상세,우리승인,동의/비동의/미응답 각 항목의 인원 수 표시,인원 수 집계,필수
494,데이터,높음,,No,계상세페이지,추방처리,우리승인,과반 수 이상의 동의 시 추방 처리 (구체적인 기준 확인 필요),추방 결정 기준,필수
495,데이터,높음,,No,계상세페이지,추방처리,우리승인,추방 결정 후 해당 인원을 계에서 제거,추방 처리 완료,필수
496,데이터,낮음,,No,계상세페이지,정렬,우리승인,가입 신청 목록을 신청순으로 정렬,가입 신청 최신순 정렬,필수
497,기능,중,,No,계상세페이지,스크롤,우리승인,가입 신청 및 추방 요청 목록 무한 스크롤 또는 페이지네이션,가입/추방 무한 스크롤,필수
498,UI / UX,중,,No,계상세페이지,반응형,우리승인,가입/추방 카드 최적 레이아웃 표시,반응형 레이아웃,필수
499,데이터,중,,No,계상세페이지,성능,우리승인,가입 신청 데이터 캐싱하여 로딩 성능 개선,가입 신청 데이터 캐싱,중
500,데이터,중,,No,계상세페이지,성능,우리승인,추방 요청 데이터 캐싱하여 로딩 성능 개선,추방 요청 데이터 캐싱,중
501,기능,중,,No,계상세페이지,성능,우리승인,무한 스크롤 시 성능 최적화,무한 스크롤 성능 최적화,중
502,UI / UX,중,,No,계상세페이지,에러처리,우리승인,가입 신청 데이터 로드 실패 시 404 페이지,가입 신청 데이터 로드 실패,필수
503,UI / UX,중,,No,계상세페이지,에러처리,우리승인,추방 요청 데이터 로드 실패 시 404 페이지,추방 요청 데이터 로드 실패,필수
504,UI / UX,중,,No,계상세페이지,에러처리,우리승인,가입 승인/거절 처리 실패 시 404 페이지,승인/거절 처리 실패,필수
505,UI / UX,중,,No,계상세페이지,에러처리,우리승인,추방 동의/비동의 처리 실패 시 404 페이지,동의/비동의 처리 실패,필수
506,UI / UX,중,,No,계상세페이지,에러처리,우리승인,추방 처리 실패 시 404 페이지,추방 처리 실패,필수
507,UI / UX,중,,No,계상세페이지,에러처리,우리승인,네트워크 오류 발생 시 재시도 옵션 제공,네트워크 오류 처리,필수
508,UI / UX,낮음,,No,계만들기,헤더,페이지구조,"계 만들기 페이지 상단에 ""계 만들기"" 제목 표시",페이지 헤더 표시,필수
509,UI / UX,중,,No,계만들기,폼,페이지구조,계 정보 입력을 위한 폼 레이아웃 표시,폼 레이아웃,필수
510,UI / UX,낮음,,No,계만들기,계이름,기본정보,계 이름 입력 필드 표시,계 이름 입력 필드,필수
511,UI / UX,낮음,,No,계만들기,계이름,기본정보,계 이름이 필수 입력 항목임을 표시,계 이름 필수 표시,필수
512,기능,중,,No,계만들기,계이름,기본정보,계 이름 입력 길이 제한 (예: 최대 50자),계 이름 길이 제한,필수
513,기능,중,,No,계만들기,계이름,기본정보,계 이름 입력 시 실시간 유효성 검사,계 이름 유효성 검사,필수
514,UI / UX,낮음,,No,계만들기,계설명,기본정보,계 설명 입력 필드 표시,계 설명 입력 필드,필수
515,UI / UX,낮음,,No,계만들기,계설명,기본정보,계 설명이 필수 입력 항목임을 표시,계 설명 필수 표시,필수
516,기능,중,,No,계만들기,계설명,기본정보,계 설명 입력 길이 제한 (예: 최대 500자),계 설명 길이 제한,필수
517,기능,중,,No,계만들기,계설명,기본정보,계 설명 입력 시 실시간 유효성 검사,계 설명 유효성 검사,필수
518,UI / UX,낮음,,No,계만들기,계설명,기본정보,계 설명 입력 시 현재 입력된 글자 수 표시,글자 수 카운트 표시,중
519,UI / UX,중,,No,계만들기,사진업로드,배너사진,배너 사진 업로드 필드 표시,배너 사진 업로드 필드,필수
520,UI / UX,낮음,,No,계만들기,사진업로드,배너사진,배너 사진이 선택사항임을 명시,선택사항 표시,필수
521,UI / UX,낮음,,No,계만들기,사진업로드,배너사진,사진 선택 버튼 또는 드래그 앤 드롭 영역 표시,사진 선택 버튼,필수
522,UI / UX,낮음,,No,계만들기,사진업로드,배너사진,지원하는 이미지 형식 안내 (예: JPG/ PNG),지원 파일 형식 안내,필수
523,UI / UX,낮음,,No,계만들기,사진업로드,배너사진,파일 크기 제한 안내 (예: 최대 5MB),파일 크기 제한 안내,필수
524,UI / UX,중,,No,계만들기,사진업로드,배너사진,선택한 사진 미리보기 표시,사진 미리보기,필수
525,UI / UX,낮음,,No,계만들기,사진업로드,배너사진,업로드한 사진 변경 가능,사진 변경 기능,필수
526,UI / UX,낮음,,No,계만들기,사진업로드,배너사진,업로드한 사진 제거 가능,사진 제거 기능,필수
527,데이터,중,,No,계만들기,기본사진,배너사진,배너 사진을 선택하지 않으면 기본 사진 자동 지정,사진 미선택 시 기본값,필수
528,UI / UX,낮음,,No,계만들기,기본사진,배너사진,사진을 선택하지 않으면 기본 사진이 사용됩니다 안내 표시,기본 사진 안내,필수
529,UI / UX,중,,No,계만들기,성향,기본정보,계 성향 선택 필드 표시,계 성향 선택 필드,필수
530,UI / UX,낮음,,No,계만들기,성향,기본정보,계 성향이 필수 선택 항목임을 표시,계 성향 필수 표시,필수
531,UI / UX,중,,No,계만들기,성향,기본정보,소심/ 적극적 등 계 성향 옵션 표시,성향 옵션 표시,필수
532,기능,중,,No,계만들기,성향,기본정보,계 성향을 1개 이상 선택 가능 (다중 선택 여부 확인 필요),성향 다중 선택,중
533,UI / UX,중,,No,계만들기,목적,기본정보,계 목적 선택 필드 표시,계 목적 선택 필드,필수
534,UI / UX,낮음,,No,계만들기,목적,기본정보,계 목적이 필수 선택 항목임을 표시,계 목적 필수 표시,필수
535,UI / UX,중,,No,계만들기,목적,기본정보,맛집탐방/ 여행 등 계 목적 옵션 표시,목적 옵션 표시,필수
536,기능,중,,No,계만들기,목적,기본정보,계 목적을 1개 이상 선택 가능 (다중 선택 여부 확인 필요),목적 다중 선택,중
537,UI / UX,낮음,,No,계만들기,월계비,회비정보,월 계비 입력 필드 표시,월 계비 입력 필드,필수
538,UI / UX,낮음,,No,계만들기,월계비,회비정보,월 계비가 필수 입력 항목임을 표시,월 계비 필수 표시,필수
539,기능,중,,No,계만들기,월계비,회비정보,월 계비는 숫자만 입력 가능 (천원 단위),월 계비 숫자 입력,필수
540,기능,중,,No,계만들기,월계비,회비정보,월 계비 입력 시 유효성 검사 (예: 최소 1000원 이상),월 계비 유효성 검사,필수
541,UI / UX,낮음,,No,계만들기,월계비,회비정보,월 계비 입력 시 통화 기호 또는 천 단위 구분 표시,월 계비 형식 표시,필수
542,UI / UX,중,,No,계만들기,최대인원,인원정보,최대 인원 입력/선택 필드 표시,최대 인원 입력 필드,필수
543,UI / UX,낮음,,No,계만들기,최대인원,인원정보,최대 인원이 필수 선택 항목임을 표시,최대 인원 필수 표시,필수
544,기능,중,,No,계만들기,최대인원,인원정보,제한없음 옵션 제공,제한없음 옵션,필수
545,기능,중,,No,계만들기,최대인원,인원정보,특정 인원 수 입력 가능 (숫자만 입력 가능),특정 인원 입력,필수
546,데이터,중,,No,계만들기,최대인원,인원정보,최대 인원 최소값 : 제한없음/ 입력 가능,최대 인원의 최소값,필수
547,UI / UX,중,,No,계만들기,성별제한,제한사항,성별 제한 선택 필드 표시,성별 제한 선택 필드,필수
548,UI / UX,낮음,,No,계만들기,성별제한,제한사항,"제한없음/ ""남""/ ""여"" 옵션 표시",성별 옵션 표시,필수
549,데이터,낮음,,No,계만들기,성별제한,제한사항,"기본값을 ""제한없음""으로 설정",성별 제한 기본값,필수
550,UI / UX,중,,No,계만들기,지역제한,제한사항,지역 제한 선택 필드 표시,지역 제한 선택 필드,필수
551,UI / UX,높음,,No,계만들기,지역제한,제한사항,"제한없음/ ""시/도""/ ""시/군/구""/ ""동/읍/면"" 계층 선택 제공",지역 제한 옵션,필수
552,기능,중,,No,계만들기,지역제한,제한사항,시/도 레벨 선택 시 해당 지역 선택 가능,시/도 선택,필수
553,기능,중,,No,계만들기,지역제한,제한사항,시/군/구 레벨 선택 시 해당 지역 선택 가능,시/군/구 선택,필수
554,기능,중,,No,계만들기,지역제한,제한사항,동/읍/면 레벨 선택 시 해당 지역 선택 가능,동/읍/면 선택,필수
555,데이터,낮음,,No,계만들기,지역제한,제한사항,"기본값을 ""제한없음""으로 설정",지역 제한 기본값,필수
556,UI / UX,중,,No,계만들기,나이제한,제한사항,나이 제한 선택 필드 표시,나이 제한 선택 필드,필수
557,UI / UX,낮음,,No,계만들기,나이제한,제한사항,나이 제한이 필수 선택 항목임을 표시,나이 제한 필수 표시,필수
558,UI / UX,중,,No,계만들기,나이제한,제한사항,"제한없음/ ""최소나이""/ ""최대나이"" 옵션 표시",나이 제한 옵션,필수
559,기능,중,,No,계만들기,나이제한,제한사항,최소 나이 입력 필드 제공 (숫자만 입력 가능),최소 나이 입력,필수
560,기능,중,,No,계만들기,나이제한,제한사항,최대 나이 입력 필드 제공 (숫자만 입력 가능),최대 나이 입력,필수
561,기능,중,,No,계만들기,나이제한,제한사항,최소 나이가 최대 나이보다 작은지 검사,최소/최대 나이 범위 검사,필수
562,데이터,낮음,,No,계만들기,나이제한,제한사항,"기본값을 ""제한없음""으로 설정",나이 제한 기본값,필수
563,UI / UX,중,,No,계만들기,국적제한,제한사항,국적 제한 선택 필드 표시,국적 제한 선택 필드,필수
564,UI / UX,중,,No,계만들기,국적제한,제한사항,"제한없음/ ""제한 국가 선택"" 옵션 표시",국적 제한 옵션,필수
565,기능,높음,,No,계만들기,국적제한,제한사항,제한할 국가를 다중 선택 가능,국가 다중 선택,필수
566,UI / UX,높음,,No,계만들기,국적제한,제한사항,국가 목록에서 검색 기능 제공,국가 검색 기능,중
567,데이터,낮음,,No,계만들기,국적제한,제한사항,"기본값을 ""제한없음""으로 설정",국적 제한 기본값,필수
568,UI / UX,낮음,,No,계만들기,버튼,제출,"계 생성 또는 ""완료"" 버튼 표시",생성 버튼 표시,필수
569,기능,중,,No,계만들기,유효성검사,제출,생성 버튼 클릭 시 모든 필수 항목 입력 확인,필수 항목 검사,필수
570,UI / UX,중,,No,계만들기,유효성검사,제출,필수 항목 미입력 시 해당 필드에 오류 표시,입력 오류 알림,필수
571,UI / UX,중,,No,계만들기,유효성검사,제출,입력 오류 시 구체적인 오류 메시지 표시,입력 오류 메시지,필수
572,데이터,높음,,No,계만들기,처리,제출,입력된 모든 계 정보 데이터베이스에 저장,계 생성 데이터 저장,필수
573,UI / UX,낮음,,No,계만들기,처리,제출,계 생성 완료 메시지 표시,계 생성 완료 메시지,필수
574,UI / UX,중,,No,계만들기,레이아웃,반응형,폼 최적 레이아웃 표시,반응형 레이아웃,필수
575,데이터,높음,,No,계만들기,로딩,성능,지역 선택 시 로딩 성능 최적화,지역 데이터 로딩 성능,중
576,데이터,높음,,No,계만들기,로딩,성능,국가 선택 시 로딩 성능 최적화,국가 데이터 로딩 성능,중
577,데이터,높음,,No,계만들기,로딩,성능,계 생성 데이터 저장 처리 시간 최적화,계 생성 처리 시간,중
578,UI / UX,중,,No,계만들기,입력오류,에러처리,배너 사진 파일 형식 오류 시 메시지 표시,파일 형식 오류,필수
579,UI / UX,중,,No,계만들기,입력오류,에러처리,배너 사진 파일 크기 초과 시 메시지 표시,파일 크기 오류,필수
580,UI / UX,중,,No,계만들기,데이터오류,에러처리,계 생성 저장 실패 시 404 페이지,계 생성 실패,필수
581,UI / UX,중,,No,계만들기,네트워크,에러처리,네트워크 오류 발생 시 재시도 옵션 제공,네트워크 오류 처리,필수
582,UI / UX,중,,No,계탐색,결과상태,결과영역,검색 결과를 표시할 결과 영역 표시,검색 결과 영역 표시,필수
583,UI / UX,낮음,,No,계탐색,결과상태,결과영역,"검색 결과 개수 (예: ""총 15개의 계"") 표시",검색 결과 개수 표시,필수
584,UI / UX,낮음,,No,계탐색,결과상태,결과영역,"검색 결과가 없을 경우 ""검색 결과가 없습니다"" 메시지 표시",검색 결과 없음 메시지,필수
585,UI / UX,중,,No,계탐색,카드레이아웃,결과영역,검색 결과를 카드 형식으로 표시,계 카드 레이아웃,필수
586,UI / UX,중,,No,계탐색,카드내용,결과영역,계 카드에 배너 이미지 표시,계 배너 이미지 표시,필수
587,UI / UX,낮음,,No,계탐색,카드내용,결과영역,계 카드에 계 이름 표시,계 이름 표시,필수
588,UI / UX,낮음,,No,계탐색,카드내용,결과영역,계 카드에 계 설명 표시,계 설명 표시,필수
589,UI / UX,낮음,,No,계탐색,카드내용,결과영역,계 카드에 현재 멤버 수 표시,멤버 수 표시,필수
590,UI / UX,중,,No,계탐색,카드내용,결과영역,계 카드에 계 성향 태그 표시 (예: 소심/ 적극적),계 성향 태그 표시,필수
591,UI / UX,중,,No,계탐색,카드내용,결과영역,계 카드에 계 목적 태그 표시 (예: 맛집탐방/ 여행),계 목적 태그 표시,필수
592,UI / UX,낮음,,No,계탐색,카드내용,결과영역,계 카드에 월 계비 표시,월 계비 표시,필수
593,UI / UX,낮음,,No,계탐색,카드내용,결과영역,계 카드에 지역 정보 표시,지역 정보 표시,필수
594,UI / UX,중,,No,계탐색,카드상호작용,결과영역,"계 카드에 ""가입 신청"" 버튼 표시",가입 신청 버튼,필수
595,기능,중,,No,계탐색,카드상호작용,결과영역,가입 신청 버튼 클릭 시 가입 신청 처리,가입 신청 클릭,필수
596,UI / UX,중,,No,계탐색,카드상호작용,결과영역,가입 신청 시 확인 팝업 표시,가입 신청 확인 팝업,필수
597,UI / UX,중,,No,계탐색,카드상호작용,결과영역,가입 신청 완료 시 완료 메시지 표시,가입 신청 완료 메시지,필수
598,기능,중,,No,계탐색,스크롤,페이지네이션,검색 결과 무한 스크롤로 추가 결과 로드,무한 스크롤,필수
599,UI / UX,낮음,,No,계탐색,스크롤,페이지네이션,추가 결과 로드 중일 때 로딩 표시 (스피너/ 프로그레스 바 등),로딩 표시,필수
600,UI / UX,낮음,,No,계탐색,스크롤,페이지네이션,"모든 결과 로드 완료 시 ""더 이상 결과가 없습니다"" 메시지 표시",더이상 결과 없음,필수
601,UI / UX,중,,No,계탐색,레이아웃,반응형,검색 영역과 결과 카드 최적 레이아웃 표시,반응형 레이아웃,필수
602,기능,높음,,No,계탐색,검색,성능,검색 키워드 입력 시 성능 최적화 (디바운싱 등),검색 성능 최적화,중
603,데이터,높음,,No,계탐색,로딩,성능,계 배너 이미지 로딩 성능 최적화,카드 이미지 최적화,중
604,기능,높음,,No,계탐색,로딩,성능,무한 스크롤 시 성능 최적화,무한 스크롤 성능,중
605,데이터,중,,No,계탐색,캐싱,성능,검색 결과 데이터 캐싱하여 성능 개선,검색 결과 캐싱,중
606,UI / UX,중,,No,계탐색,검색오류,에러처리,검색 실패 시 404 페이지,검색 실패 메시지,필수
607,UI / UX,중,,No,계탐색,데이터오류,에러처리,결과 데이터 로드 실패 시 404 페이지,결과 데이터 로드 실패,필수
608,UI / UX,중,,No,계탐색,네트워크,에러처리,네트워크 오류 발생 시 재시도 옵션 제공,네트워크 오류 처리,필수
609,UI / UX,중,,No,계탐색,요청오류,에러처리,가입 신청 실패 시 404 페이지,가입 신청 실패 처리,필수
610,UI / UX,중,,No,계탐색,요청오류,에러처리,이미 신청한 계에 대해 재신청 불가 안내,중복 신청 방지,필수
611,UI / UX,낮음,,No,나의계,헤더,페이지구조,"나의 계 페이지 좌상단에 ""(닉네임)님이 가입한 계"" 제목 표시",페이지 헤더 표시,필수
612,데이터,중,,No,나의계,헤더,페이지구조,로그인한 사용자의 닉네임을 동적으로 표시,닉네임 동적 표시,필수
613,UI / UX,중,,No,나의계,카드레이아웃,카드목록,사용자가 가입한 계들을 카드 형식으로 표시,가입한 계 카드 표시,필수
614,UI / UX,중,,No,나의계,카드레이아웃,카드목록,계 카드를 그리드 형식으로 배열 (반응형 열 수 조정),카드 그리드 레이아웃,필수
615,UI / UX,중,,No,나의계,카드내용,카드목록,계 카드에 배너 이미지 표시,계 배너 이미지 표시,필수
616,UI / UX,낮음,,No,나의계,카드내용,카드목록,계 카드에 계 이름 표시,계 이름 표시,필수
617,UI / UX,낮음,,No,나의계,카드내용,카드목록,계 카드에 계 설명 표시,계 설명 표시,필수
618,UI / UX,낮음,,No,나의계,카드내용,카드목록,계 카드에 현재 멤버 수 표시,멤버 수 표시,필수
619,UI / UX,중,,No,나의계,카드내용,카드목록,계 카드에 계 성향 태그 표시,계 성향 태그 표시,필수
620,UI / UX,중,,No,나의계,카드내용,카드목록,계 카드에 계 목적 태그 표시,계 목적 태그 표시,필수
621,UI / UX,낮음,,No,나의계,카드내용,카드목록,계 카드에 월 계비 표시,월 계비 표시,필수
622,UI / UX,중,,No,나의계,카드내용,카드목록,계 카드에 현재 적립금 표시,적립금 표시,중
623,기능,중,,No,나의계,카드상호작용,카드목록,계 카드 클릭 시 해당 계 상세 페이지로 이동,계 카드 클릭,필수
624,UI / UX,낮음,,No,나의계,카드상호작용,카드목록,카드 호버 시 시각적 효과 표시 (그림자/ 확대 등),계 카드 호버 효과,중
625,UI / UX,중,,No,나의계,계원상태,상태표시,사용자가 계주인 계에 특별한 마크 또는 배지 표시,계주 표시,필수
626,UI / UX,낮음,,No,나의계,빈목록,상태메시지,"가입한 계가 없을 경우 ""가입한 계가 없습니다"" 메시지 표시",가입한 계 없음 메시지,필수
627,기능,중,,No,나의계,스크롤,페이지네이션,계 목록 무한 스크롤로 추가 계 로드,무한 스크롤,필수
628,UI / UX,낮음,,No,나의계,스크롤,페이지네이션,추가 계 로드 중일 때 로딩 표시,로딩 표시,필수
629,UI / UX,낮음,,No,나의계,스크롤,페이지네이션,"모든 계 로드 완료 시 ""더 이상 계가 없습니다"" 메시지 표시",더이상 결과 없음,필수
630,UI / UX,중,,No,나의계,레이아웃,반응형,계 카드 그리드 레이아웃 표시,반응형 레이아웃,필수
631,데이터,높음,,No,나의계,로딩,성능,계 배너 이미지 로딩 성능 최적화,카드 이미지 최적화,중
632,기능,높음,,No,나의계,로딩,성능,무한 스크롤 시 성능 최적화,무한 스크롤 성능,중
633,데이터,중,,No,나의계,캐싱,성능,계 목록 데이터 캐싱하여 로딩 성능 개선,계 목록 데이터 캐싱,중
634,데이터,중,,No,나의계,캐싱,성능,계 배너 이미지 캐싱하여 성능 개선,이미지 캐싱,중
635,UI / UX,중,,No,나의계,데이터오류,에러처리,계 목록 로드 실패 시 404 페이지,계 목록 로드 실패,필수
636,UI / UX,중,,No,나의계,데이터오류,에러처리,계 배너 이미지 로드 실패 시 기본 이미지 표시,이미지 로드 실패,필수
637,UI / UX,중,,No,나의계,네트워크,에러처리,네트워크 오류 발생 시 재시도 옵션 제공,네트워크 오류 처리,필수
638,UI / UX,중,,No,나의계,권한,에러처리,접근 권한 없을 시 404 페이지 및 이전 페이지로 이동,권한 오류 처리,필수
639,UI / UX,낮음,,No,충전,헤더,페이지구조,"충전 페이지 상단에 ""충전"" 제목 표시",페이지 헤더 표시,필수
640,UI / UX,중,,No,충전,현재잔액,잔액정보,현재 wallet 잔액을 상단에 명확하게 표시,현재 지갑 잔액 표시,필수
641,UI / UX,낮음,,No,충전,현재잔액,잔액정보,잔액을 통화 기호 및 천 단위 구분으로 표시 (예: ₩10/000),잔액 금액 형식,필수
642,데이터,중,,No,충전,현재잔액,잔액정보,페이지 로드 시 현재 잔액 실시간 조회,실시간 잔액 업데이트,필수
643,UI / UX,중,,No,충전,입력필드,입력영역,충전 금액 입력을 위한 입력 필드 표시,충전 금액 입력 필드,필수
644,UI / UX,낮음,,No,충전,입력필드,입력영역,"입력 필드에 ""금액을 입력해주세요"" 등의 플레이스홀더 표시",플레이스홀더 텍스트,필수
645,기능,중,,No,충전,입력필드,입력영역,입력 필드에 숫자만 입력 가능,숫자만 입력 제한,필수
646,기능,중,,No,충전,입력필드,입력영역,입력 금액이 천원 단위여야 함 (예: 1000/ 2000/ 10000),천원 단위 제한,필수
647,기능,중,,No,충전,입력필드,입력영역,천원 단위가 아닌 금액 입력 시 유효성 검사 에러 표시,천원 단위 유효성 검사,필수
648,기능,중,,No,충전,입력필드,입력영역,최소 충전 금액 설정 (예: 최소 1/000원),최소 충전 금액 설정,필수
649,UI / UX,낮음,,No,충전,입력필드,입력영역,입력 시 천 단위 구분 기호 자동 표시 (예: 10/000),금액 형식 표시,필수
650,UI / UX,낮음,,No,충전,수수료안내,수수료,수수료 5% 부과 안내 메시지 표시,수수료 정보 표시,필수
651,데이터,중,,No,충전,계산,수수료,입력된 금액의 5% 수수료 자동 계산,수수료 금액 계산,필수
652,UI / UX,중,,No,충전,계산,수수료,금액 입력 시 수수료 금액 실시간 표시,수수료 실시간 표시,필수
653,데이터,중,,No,충전,계산,수수료,충전 금액 + 수수료의 총 결제 금액 자동 계산,총 결제 금액 계산,필수
654,UI / UX,중,,No,충전,계산,수수료,총 결제 금액 명확하게 표시,총 결제 금액 표시,필수
655,UI / UX,중,,No,충전,수단선택,결제수단,결제 수단 선택 필드 표시 (신용카드/ 계좌이체/ 휴대폰 결제 등),결제 수단 선택 필드,필수
656,UI / UX,낮음,,No,충전,수단선택,결제수단,결제 수단이 필수 선택 항목임을 표시,결제 수단 필수 표시,필수
657,UI / UX,낮음,,No,충전,수단선택,결제수단,사용 가능한 결제 수단 목록 표시,사용 가능한 결제 수단 안내,필수
658,기능,중,,No,충전,입력검사,유효성검사,"금액 미입력 시 ""금액을 입력해주세요"" 에러 표시",금액 입력 필수 검사,필수
659,기능,중,,No,충전,입력검사,유효성검사,"최소 금액 미만 입력 시 ""최소 1/000원 이상 입력해주세요"" 에러 표시",최소 금액 검사,필수
660,기능,중,,No,충전,입력검사,유효성검사,"천원 단위가 아닌 금액 입력 시 ""천원 단위로 입력해주세요"" 에러 표시",천원 단위 검사,필수
661,기능,중,,No,충전,수단검사,유효성검사,"결제 수단 미선택 시 ""결제 수단을 선택해주세요"" 에러 표시",결제 수단 필수 검사,필수
662,UI / UX,낮음,,No,충전,버튼,제출,"충전 또는 ""결제하기"" 버튼 표시",충전 버튼 표시,필수
663,기능,중,,No,충전,버튼,제출,모든 필수 항목 입력 시에만 충전 버튼 활성화,충전 버튼 활성화 조건,필수
664,UI / UX,낮음,,No,충전,버튼,제출,필수 항목 미입력 시 충전 버튼 비활성화 표시,버튼 비활성화 상태 표시,필수
665,UI / UX,중,,No,충전,확인,제출,정말 충전할거니?' 충전 버튼 클릭 시 최종 확인 팝업 표시,충전 확인 팝업,필수
666,UI / UX,낮음,,No,충전,확인,제출,확인 팝업에 충전 금액 및 총 결제 금액 명시,확인 팝업 금액 표시,필수
667,기능,낮음,,No,충전,확인,제출,"확인 팝업에 ""확인"" 버튼 표시",확인 버튼,필수
668,기능,낮음,,No,충전,확인,제출,"확인 팝업에 ""취소"" 버튼 표시",취소 버튼 (팝업),필수
669,UI / UX,중,,No,충전,결제진행,결제처리,결제 진행 중일 때 로딩 표시 및 진행 상태 표시,결제 진행 중 표시,필수
670,기능,중,,No,충전,결제진행,결제처리,결제 진행 중 다른 버튼 클릭 제한,결제 진행 중 상호작용 제한,필수
671,UI / UX,중,,No,충전,결제성공,결제처리,결제 성공 시 성공 메시지 및 완료 화면 표시,결제 성공 화면 표시,필수
672,UI / UX,낮음,,No,충전,결제성공,결제처리,충전이 완료되었습니다 메시지 표시,충전 완료 메시지,필수
673,UI / UX,중,,No,충전,결제성공,결제처리,결제 완료 후 거래 내역 (충전 금액/ 수수료/ 결제 수단/ 날짜/시간) 표시,거래 내역 표시,필수
674,UI / UX,중,,No,충전,결제실패,결제처리,결제 실패 사유 상세히 안내 (예: 카드 한도 초과/ 비밀번호 오류 등),실패 사유 안내,필수
675,UI / UX,중,,No,충전,레이아웃,반응형,충전 폼 최적 레이아웃 표시,반응형 레이아웃,필수
676,기능,중,,No,충전,로딩,성능,페이지 로딩 시간 최적화,페이지 로딩 성능,중
677,기능,중,,No,충전,계산,성능,수수료 및 총 결제 금액 실시간 계산 성능 최적화,실시간 계산 성능,중
678,UI / UX,중,,No,충전,결제오류,에러처리,"결제 게이트웨이 오류 시 ""결제 시스템 오류"" 메시지 표시",결제 게이트웨이 오류,필수
679,UI / UX,중,,No,충전,네트워크,에러처리,네트워크 오류 발생 시 재시도 옵션 제공,네트워크 오류 처리,필수
680,UI / UX,중,,No,충전,권한,에러처리,접근 권한 없을 시 404 페이지 및 로그인 페이지로 이동,권한 오류 처리,필수
681,기능,중,,No,충전,입력보안,보안,금액 입력 시 보안 처리,금액 입력 보안,필수
682,데이터,높음,,No,충전,암호화,보안,결제 정보 HTTPS 암호화 전송,통신 암호화,필수